"CDR3"	"Epitope_sequence"	"Epitope_gene"	"Epitope_species"
"1"	"CAGDLSVGGVLAGGVPHLRHFDPW"	"-"	"HCV"	"Hepatitis C virus"
"2"	"CPETPRYCSGGFCYGEFDNW"	"-"	"HCV"	"Hepatitis C virus"
"3"	"CSVTPRYCGGGFCYGEFDYW"	"-"	"HCV"	"Hepatitis C virus"
"4"	"CVGLRGIVMVGGLAMNWLDPW"	"-"	"HCV"	"Hepatitis C virus"
"5"	"CARAQFKRARSEWAYAHW"	"-"	"HIV-1"	"Human immunodeficiency virus (HIV)"
"6"	"CARAQFKRGRSEWAYAHW"	"-"	"HIV-1"	"Human immunodeficiency virus (HIV)"
"7"	"CARQKFERGGQGWYFDLW"	"-"	"HIV-1"	"Human immunodeficiency virus (HIV)"
"8"	"CARQKFYTGGQGWYFDLW"	"-"	"HIV-1"	"Human immunodeficiency virus (HIV)"
"9"	"CTRGKNCDYNWDFPWEHW"	"-"	"HIV-1"	"Human immunodeficiency virus (HIV)"
"10"	"CVRRGSCDYCGDFPWQYW"	"-"	"HIV-1"	"Human immunodeficiency virus (HIV)"
"11"	"CARDTAYAFDIW"	"-"	"-"	"Colorectal cancer"
"12"	"CARGHYGMDVW"	"-"	"-"	"Colorectal cancer"
"13"	"CARDRGPNTLDYW"	"-"	"-"	"Colorectal cancer"
"14"	"CARDIHYGASDYW"	"-"	"-"	"Colorectal cancer"
"15"	"CARDLHYGSSDYW"	"-"	"-"	"Colorectal cancer"
"16"	"CARDQDGMGGTIDYW"	"-"	"-"	"Colorectal cancer"
"17"	"CARAGYSSGYDYW"	"-"	"-"	"Colorectal cancer"
"18"	"CVGGAGWLPDYW"	"-"	"-"	"Colorectal cancer"
"19"	"CSRDPRPLDYW"	"-"	"-"	"Colorectal cancer"
"20"	"CARDHRFDILTGRLDSW"	"-"	"-"	"Colorectal cancer"
"21"	"CVRGSNDWVGIDYW"	"-"	"-"	"Colorectal cancer"
"22"	"CVRGTSDWNGVDYW"	"-"	"-"	"Colorectal cancer"
"23"	"CVRGSDDWVGVDYW"	"-"	"-"	"Colorectal cancer"
"24"	"CARDRGALDVW"	"-"	"-"	"Colorectal cancer"
"25"	"CGRERWAMGDYW"	"-"	"-"	"Colorectal cancer"
"26"	"CARDRWFDPW"	"-"	"-"	"Colorectal cancer"
"27"	"CAGGTGWISDSW"	"-"	"-"	"Colorectal cancer"
"28"	"CATVFEYW"	"-"	"-"	"Colorectal cancer"
"29"	"CGRDLHIAAADYW"	"-"	"-"	"Colorectal cancer"
"30"	"CARSVEGAFDNW"	"-"	"-"	"Colorectal cancer"
"31"	"CAKDGIIGGWELPYDAFDIW"	"-"	"-"	"Ataxia telangiectasia(ATM gene)"
"32"	"CAKDLGVVVMYHAEYFHHW"	"-"	"-"	"Ataxia telangiectasia(ATM gene)"
"33"	"CARDSNWGSGGWFDPW"	"-"	"-"	"Ataxia telangiectasia(ATM gene)"
"34"	"CARETEILYCSSTSCYFLDYW"	"-"	"-"	"Ataxia telangiectasia(ATM gene)"
"35"	"CARGTRGSHTNYWYYFDYW"	"-"	"-"	"Ataxia telangiectasia(ATM gene)"
"36"	"CARHDSDGGGINWFDPW"	"-"	"-"	"Ataxia telangiectasia(ATM gene)"
"37"	"CARRRVSSNWDYFDYW"	"-"	"-"	"Ataxia telangiectasia(ATM gene)"
"38"	"CASPARRGGYDSLSRNYDAFDIW"	"-"	"-"	"Ataxia telangiectasia(ATM gene)"
"39"	"CTPNITGSTPSAEYFQHW"	"-"	"-"	"Ataxia telangiectasia(ATM gene)"
"40"	"CAPGLDRDYYYYYYMDVW"	"-"	"-"	"Systemic lupus erythematosus(SLE)"
"41"	"CARAPGLDRDYYW"	"-"	"-"	"Systemic lupus erythematosus(SLE)"
"42"	"CARAPGLDRDYYYYYYMDVW"	"-"	"-"	"Systemic lupus erythematosus(SLE)"
"43"	"CARDDVLLWFRGMDVW"	"-"	"-"	"Systemic lupus erythematosus(SLE)"
"44"	"CARDIEAAGQLDRRRVLAFGFW"	"-"	"-"	"Systemic lupus erythematosus(SLE)"
"45"	"CARGAGDWSAVPTYFEFW"	"-"	"-"	"Systemic lupus erythematosus(SLE)"
"46"	"CARGGILTGYYFYFDYW"	"-"	"-"	"Systemic lupus erythematosus(SLE)"
"47"	"CARGIVAAFYYW"	"-"	"-"	"Systemic lupus erythematosus(SLE)"
"48"	"CARGPPFMEWERNWFDPW"	"-"	"-"	"Systemic lupus erythematosus(SLE)"
"49"	"CARLQFIFGGMDVW"	"-"	"-"	"Systemic lupus erythematosus(SLE)"
"50"	"CARRDFSNYVSDPKNWFDRW"	"-"	"-"	"Systemic lupus erythematosus(SLE)"
"51"	"CARRDYSNYVSEPKNWFDPW"	"-"	"-"	"Systemic lupus erythematosus(SLE)"
"52"	"CARRRSETGLFSKRGWFDPW"	"-"	"-"	"Systemic lupus erythematosus(SLE)"
"53"	"CARVLDPGEGDFARNFYGLDVW"	"-"	"-"	"Systemic lupus erythematosus(SLE)"
"54"	"CASPGAPRFEFWSGPEVDSW"	"-"	"-"	"Systemic lupus erythematosus(SLE)"
"55"	"CASSGAPRFEFWSGPEVDSW"	"-"	"-"	"Systemic lupus erythematosus(SLE)"
"56"	"CASSGAPRFEFWSGPEVDYW"	"-"	"-"	"Systemic lupus erythematosus(SLE)"
"57"	"CGRSSRGYSVNLDYW"	"-"	"-"	"Systemic lupus erythematosus(SLE)"
"58"	"CTRLQFIFGGMDVW"	"-"	"-"	"Systemic lupus erythematosus(SLE)"
"59"	"CARGGTLWYYYSYMDAW"	"-"	"-"	"Systemic lupus erythematosus(SLE)"
"60"	"CARGGTLWYYYSYMDVW"	"-"	"-"	"Systemic lupus erythematosus(SLE)"
"61"	"CAAAVLNQFALDFW"	"-"	"-"	"IgA nephropathy"
"62"	"CAADHRADSSGYYYSYDYW"	"-"	"-"	"IgA nephropathy"
"63"	"CAADTDSGSVWGVAGDIFDIW"	"-"	"-"	"IgA nephropathy"
"64"	"CAAETYATGCCHFDHW"	"-"	"-"	"IgA nephropathy"
"65"	"CAAETYSSGCCHFDFW"	"-"	"-"	"IgA nephropathy"
"66"	"CAAFALSSRPGDVW"	"-"	"-"	"IgA nephropathy"
"67"	"CAAGSDTVWHYFDYW"	"-"	"-"	"IgA nephropathy"
"68"	"CAAHYTTGSFSIPRFQYW"	"-"	"-"	"IgA nephropathy"
"69"	"CAAIDITVAHYYGMDVW"	"-"	"-"	"IgA nephropathy"
"70"	"CAARVLGDYGDYDSLGWFEYW"	"-"	"-"	"IgA nephropathy"
"71"	"CAASTIHYYDTGEGDAYDTW"	"-"	"-"	"IgA nephropathy"
"72"	"CAASTRGVQPSTTWFDPW"	"-"	"-"	"IgA nephropathy"
"73"	"CAGATSVFDYW"	"-"	"-"	"IgA nephropathy"
"74"	"CAGEAYYSGSYLLAYW"	"-"	"-"	"IgA nephropathy"
"75"	"CAGGAGWLVDYW"	"-"	"-"	"IgA nephropathy"
"76"	"CAGGSYSGGSPPGLDYW"	"-"	"-"	"IgA nephropathy"
"77"	"CAGRGDLGGDAVEIW"	"-"	"-"	"IgA nephropathy"
"78"	"CAHLNWDVLTAPAYYFDYW"	"-"	"-"	"IgA nephropathy"
"79"	"CAHLYDYTHFDYW"	"-"	"-"	"IgA nephropathy"
"80"	"CAHRRNYWGSAFDVW"	"-"	"-"	"IgA nephropathy"
"81"	"CAICGGRCYGTYYGMDVW"	"-"	"-"	"IgA nephropathy"
"82"	"CAIDLHDKNFNYPLGHW"	"-"	"-"	"IgA nephropathy"
"83"	"CAIDYGDHLVDNW"	"-"	"-"	"IgA nephropathy"
"84"	"CAILEDHGSGDEDYW"	"-"	"-"	"IgA nephropathy"
"85"	"CAKARLVVVTDPDYF"	"-"	"-"	"IgA nephropathy"
"86"	"CAKDVHFW"	"-"	"-"	"IgA nephropathy"
"87"	"CAKEHGAKSSLGDYFDYW"	"-"	"-"	"IgA nephropathy"
"88"	"CAKGPYSSTWSEYFRHW"	"-"	"-"	"IgA nephropathy"
"89"	"CAKGVSYYYGMDVW"	"-"	"-"	"IgA nephropathy"
"90"	"CAKHVDYFSFDYYMDVW"	"-"	"-"	"IgA nephropathy"
"91"	"CAKHWGLGIHNWFDPW"	"-"	"-"	"IgA nephropathy"
"92"	"CAKNVHPVIAPAGPTNRNFDFW"	"-"	"-"	"IgA nephropathy"
"93"	"CAKPGYTSTWPGDFVYIDSW"	"-"	"-"	"IgA nephropathy"
"94"	"CAKPREAGSWLLGDFHYW"	"-"	"-"	"IgA nephropathy"
"95"	"CAKSASTGWYEWGPWFDPW"	"-"	"-"	"IgA nephropathy"
"96"	"CAKSDWFDPW"	"-"	"-"	"IgA nephropathy"
"97"	"CAKSSTTLGTSPWVSWDYW"	"-"	"-"	"IgA nephropathy"
"98"	"CAKWFVVRGVGYFDYW"	"-"	"-"	"IgA nephropathy"
"99"	"CALFRPSYYYMDVW"	"-"	"-"	"IgA nephropathy"
"100"	"CALMGGHSTEYFQHW"	"-"	"-"	"IgA nephropathy"
"101"	"CANGGGGHWNFWRYW"	"-"	"-"	"IgA nephropathy"
"102"	"CAPTSTSRRGMPLDYW"	"-"	"-"	"IgA nephropathy"
"103"	"CAQSVGVAGTGGFDLW"	"-"	"-"	"IgA nephropathy"
"104"	"CARAAAGTYFYSYYMDVW"	"-"	"-"	"IgA nephropathy"
"105"	"CARAARAIGGSPVRIW"	"-"	"-"	"IgA nephropathy"
"106"	"CARAEHMWNYHDSW"	"-"	"-"	"IgA nephropathy"
"107"	"CARAERGRQWLSLNWYLDLW"	"-"	"-"	"IgA nephropathy"
"108"	"CARAGADLTTHFDSW"	"-"	"-"	"IgA nephropathy"
"109"	"CARAGATVTTHFDFW"	"-"	"-"	"IgA nephropathy"
"110"	"CARAGPGVVAAAYGYW"	"-"	"-"	"IgA nephropathy"
"111"	"CARAHHDYVWGSYRENYFDYW"	"-"	"-"	"IgA nephropathy"
"112"	"CARALSRMVRGVLDYW"	"-"	"-"	"IgA nephropathy"
"113"	"CARALSSGWSFYYYYLDVW"	"-"	"-"	"IgA nephropathy"
"114"	"CARANDSSGFKLSYW"	"-"	"-"	"IgA nephropathy"
"115"	"CARAPRNSWFDSW"	"-"	"-"	"IgA nephropathy"
"116"	"CARAPVEDYSSTWYRFLDFW"	"-"	"-"	"IgA nephropathy"
"117"	"CARASVYSRSPGGFW"	"-"	"-"	"IgA nephropathy"
"118"	"CARATSYYHSSGYYHGITLDYW"	"-"	"-"	"IgA nephropathy"
"119"	"CARAYHGSGSRFTGFGTYGMDIW"	"-"	"-"	"IgA nephropathy"
"120"	"CARAYYDSGGNYCGMDVW"	"-"	"-"	"IgA nephropathy"
"121"	"CARCPGSRWEHWYFDLW"	"-"	"-"	"IgA nephropathy"
"122"	"CARDAGDQYDSRAGAFDIW"	"-"	"-"	"IgA nephropathy"
"123"	"CARDAGIGAAGHWYFDLW"	"-"	"-"	"IgA nephropathy"
"124"	"CARDAGYGRSLAYW"	"-"	"-"	"IgA nephropathy"
"125"	"CARDATGNSFMNWFDPW"	"-"	"-"	"IgA nephropathy"
"126"	"CARDDPGSFDLW"	"-"	"-"	"IgA nephropathy"
"127"	"CARDDYGGLFDYW"	"-"	"-"	"IgA nephropathy"
"128"	"CARDEGLEGFDELSHALDIW"	"-"	"-"	"IgA nephropathy"
"129"	"CARDFPPPGNYFDYW"	"-"	"-"	"IgA nephropathy"
"130"	"CARDGGRGYDSAVYW"	"-"	"-"	"IgA nephropathy"
"131"	"CARDGPLGLDALDIW"	"-"	"-"	"IgA nephropathy"
"132"	"CARDGSHYVFDLW"	"-"	"-"	"IgA nephropathy"
"133"	"CARDGWQGGQSTLDYW"	"-"	"-"	"IgA nephropathy"
"134"	"CARDHDIAAEGYMDVW"	"-"	"-"	"IgA nephropathy"
"135"	"CARDHLDQFGHRYFDFW"	"-"	"-"	"IgA nephropathy"
"136"	"CARDHLGNDFW"	"-"	"-"	"IgA nephropathy"
"137"	"CARDIADYGSQFDYW"	"-"	"-"	"IgA nephropathy"
"138"	"CARDIWGSRPVGYW"	"-"	"-"	"IgA nephropathy"
"139"	"CARDLFAAAPPEYFQHW"	"-"	"-"	"IgA nephropathy"
"140"	"CARDLFTLIPIDW"	"-"	"-"	"IgA nephropathy"
"141"	"CARDLGGSYEHW"	"-"	"-"	"IgA nephropathy"
"142"	"CARDLPWVSGGDYW"	"-"	"-"	"IgA nephropathy"
"143"	"CARDLSHQSGWYGELTYYFDSW"	"-"	"-"	"IgA nephropathy"
"144"	"CARDLSVTDCYFDLW"	"-"	"-"	"IgA nephropathy"
"145"	"CARDPCTSHCSMNHW"	"-"	"-"	"IgA nephropathy"
"146"	"CARDPREETTVTLALGYDYW"	"-"	"-"	"IgA nephropathy"
"147"	"CARDPVPSRYGPYYYYMDVW"	"-"	"-"	"IgA nephropathy"
"148"	"CARDPYDSGLFDYW"	"-"	"-"	"IgA nephropathy"
"149"	"CARDQDAVGPAADYW"	"-"	"-"	"IgA nephropathy"
"150"	"CARDQGALNAW"	"-"	"-"	"IgA nephropathy"
"151"	"CARDQPRSSGTTMVDW"	"-"	"-"	"IgA nephropathy"
"152"	"CARDRELVMTTYYYYYGLDVW"	"-"	"-"	"IgA nephropathy"
"153"	"CARDRENSGWPSNWFDPW"	"-"	"-"	"IgA nephropathy"
"154"	"CARDRFIAVDFDYW"	"-"	"-"	"IgA nephropathy"
"155"	"CARDRGDLDYW"	"-"	"-"	"IgA nephropathy"
"156"	"CARDRGDSWPSFFDSW"	"-"	"-"	"IgA nephropathy"
"157"	"CARDRIAAVAPLVRDGLDVW"	"-"	"-"	"IgA nephropathy"
"158"	"CARDRPFWFGD"	"-"	"-"	"IgA nephropathy"
"159"	"CARDRWGLSGSPTFNADW"	"-"	"-"	"IgA nephropathy"
"160"	"CARDSSGSYRGWFDPW"	"-"	"-"	"IgA nephropathy"
"161"	"CARDSSGWSGDPW"	"-"	"-"	"IgA nephropathy"
"162"	"CARDSSSGSFMDAW"	"-"	"-"	"IgA nephropathy"
"163"	"CARDSVLEGDSLSFFDNW"	"-"	"-"	"IgA nephropathy"
"164"	"CARDTPASGGTPFMDVW"	"-"	"-"	"IgA nephropathy"
"165"	"CARDTSSGDNWYFDLW"	"-"	"-"	"IgA nephropathy"
"166"	"CARDTYW"	"-"	"-"	"IgA nephropathy"
"167"	"CARDVGGGEDYW"	"-"	"-"	"IgA nephropathy"
"168"	"CARDWDGSRDCFDPW"	"-"	"-"	"IgA nephropathy"
"169"	"CARDW"	"-"	"-"	"IgA nephropathy"
"170"	"CARDWRAMAVGYW"	"-"	"-"	"IgA nephropathy"
"171"	"CARDWSGWSGAPW"	"-"	"-"	"IgA nephropathy"
"172"	"CAREAGGWDTPIVYW"	"-"	"-"	"IgA nephropathy"
"173"	"CAREDCSGGVCYRADPW"	"-"	"-"	"IgA nephropathy"
"174"	"CAREEARARNWYFDLW"	"-"	"-"	"IgA nephropathy"
"175"	"CAREFWDLVRGVPYCFDHW"	"-"	"-"	"IgA nephropathy"
"176"	"CAREGDGDYLLDYW"	"-"	"-"	"IgA nephropathy"
"177"	"CAREGGSSFPDNW"	"-"	"-"	"IgA nephropathy"
"178"	"CAREGNSYDSYGYYGLFDDW"	"-"	"-"	"IgA nephropathy"
"179"	"CAREGQQSFNRGGMDVW"	"-"	"-"	"IgA nephropathy"
"180"	"CAREHDTWTGYSFDSW"	"-"	"-"	"IgA nephropathy"
"181"	"CARELGQWLAKRAFDIW"	"-"	"-"	"IgA nephropathy"
"182"	"CARELVGLGPDYW"	"-"	"-"	"IgA nephropathy"
"183"	"CAREMYRCSGGSCYLDLW"	"-"	"-"	"IgA nephropathy"
"184"	"CARENSNWEGIEYW"	"-"	"-"	"IgA nephropathy"
"185"	"CAREPPTSGSFEFW"	"-"	"-"	"IgA nephropathy"
"186"	"CAREPRITIPFDYW"	"-"	"-"	"IgA nephropathy"
"187"	"CAREQWLVEMDVW"	"-"	"-"	"IgA nephropathy"
"188"	"CARERKDDPTWHWYLDLW"	"-"	"-"	"IgA nephropathy"
"189"	"CARERRDMGTPRGYAVNLW"	"-"	"-"	"IgA nephropathy"
"190"	"CARESRGGVMDYW"	"-"	"-"	"IgA nephropathy"
"191"	"CAREVAGTYGFDVW"	"-"	"-"	"IgA nephropathy"
"192"	"CAREVYGFDVW"	"-"	"-"	"IgA nephropathy"
"193"	"CAREWSAFDFW"	"-"	"-"	"IgA nephropathy"
"194"	"CAREWTYADPRNYW"	"-"	"-"	"IgA nephropathy"
"195"	"CARGADW"	"-"	"-"	"IgA nephropathy"
"196"	"CARGAGSGGYDWFDPW"	"-"	"-"	"IgA nephropathy"
"197"	"CARGAGSIDYW"	"-"	"-"	"IgA nephropathy"
"198"	"CARGAVAGGSLLWNW"	"-"	"-"	"IgA nephropathy"
"199"	"CARGCSTICHRLDSW"	"-"	"-"	"IgA nephropathy"
"200"	"CARGFGGTGMTYW"	"-"	"-"	"IgA nephropathy"
"201"	"CARGGDGAVDYW"	"-"	"-"	"IgA nephropathy"
"202"	"CARGGEKVPADYW"	"-"	"-"	"IgA nephropathy"
"203"	"CARGGGITWLPWGSGTHDGLEFW"	"-"	"-"	"IgA nephropathy"
"204"	"CARGGGKFSQPHVFDLW"	"-"	"-"	"IgA nephropathy"
"205"	"CARGGGWGSAGYGGLEFDFW"	"-"	"-"	"IgA nephropathy"
"206"	"CARGGLFGNWFDPW"	"-"	"-"	"IgA nephropathy"
"207"	"CARGGPLLPVADNYW"	"-"	"-"	"IgA nephropathy"
"208"	"CARGGSGQVVSLFTYW"	"-"	"-"	"IgA nephropathy"
"209"	"CARGGTLVRGVGFYGMDIW"	"-"	"-"	"IgA nephropathy"
"210"	"CARGGTSNYYYYGMDVW"	"-"	"-"	"IgA nephropathy"
"211"	"CARGHYGGYLGGFDYW"	"-"	"-"	"IgA nephropathy"
"212"	"CARGKGVSYYTDVFDVW"	"-"	"-"	"IgA nephropathy"
"213"	"CARGKRRGNCSGGKCYYFDYW"	"-"	"-"	"IgA nephropathy"
"214"	"CARGMGTTGTDYW"	"-"	"-"	"IgA nephropathy"
"215"	"CARGMTGIYFYFDYW"	"-"	"-"	"IgA nephropathy"
"216"	"CARGPALYSSGWGYW"	"-"	"-"	"IgA nephropathy"
"217"	"CARGPIVLARNWYFDLW"	"-"	"-"	"IgA nephropathy"
"218"	"CARGPRTVVVDYFDYW"	"-"	"-"	"IgA nephropathy"
"219"	"CARGPYESSGFYPTYYYYGIDVW"	"-"	"-"	"IgA nephropathy"
"220"	"CARGQHGDVGATPGAFDCW"	"-"	"-"	"IgA nephropathy"
"221"	"CARGQREYSGYDLPYNWFDPW"	"-"	"-"	"IgA nephropathy"
"222"	"CARGQTSYFGSGSAHLDYW"	"-"	"-"	"IgA nephropathy"
"223"	"CARGRAALGFDPW"	"-"	"-"	"IgA nephropathy"
"224"	"CARGRGFDAHFAMDVW"	"-"	"-"	"IgA nephropathy"
"225"	"CARGRGNDYGDYRYYYFMDVW"	"-"	"-"	"IgA nephropathy"
"226"	"CARGRLAWSPDYW"	"-"	"-"	"IgA nephropathy"
"227"	"CARGRPTTVTTRGYMDVW"	"-"	"-"	"IgA nephropathy"
"228"	"CARGRQFRVW"	"-"	"-"	"IgA nephropathy"
"229"	"CARGRSLRPFDSW"	"-"	"-"	"IgA nephropathy"
"230"	"CARGSCDCSGGMCSYCYFDLW"	"-"	"-"	"IgA nephropathy"
"231"	"CARGSLAGPAVDYW"	"-"	"-"	"IgA nephropathy"
"232"	"CARGSQYGYW"	"-"	"-"	"IgA nephropathy"
"233"	"CARGSTISIRSIDSW"	"-"	"-"	"IgA nephropathy"
"234"	"CARGSWYYYGMDVW"	"-"	"-"	"IgA nephropathy"
"235"	"CARGSYGSTWYW"	"-"	"-"	"IgA nephropathy"
"236"	"CARGTVATPSRLAYW"	"-"	"-"	"IgA nephropathy"
"237"	"CARGTVFGVVRGQRAGFHYW"	"-"	"-"	"IgA nephropathy"
"238"	"CARGVDAGVDSW"	"-"	"-"	"IgA nephropathy"
"239"	"CARGVGSSSVLVW"	"-"	"-"	"IgA nephropathy"
"240"	"CARGVVRGVTPGLDYW"	"-"	"-"	"IgA nephropathy"
"241"	"CARGVYGGNSGSWYFDLW"	"-"	"-"	"IgA nephropathy"
"242"	"CARGWTRGTFDIW"	"-"	"-"	"IgA nephropathy"
"243"	"CARGWWSSGYDYW"	"-"	"-"	"IgA nephropathy"
"244"	"CARGYDNYEYW"	"-"	"-"	"IgA nephropathy"
"245"	"CARGYNYAFDYW"	"-"	"-"	"IgA nephropathy"
"246"	"CARGYTRGSHRPDQYW"	"-"	"-"	"IgA nephropathy"
"247"	"CARGYYSVSGSHNPFWFDPW"	"-"	"-"	"IgA nephropathy"
"248"	"CARHASSPRYCSGSSCSSDIW"	"-"	"-"	"IgA nephropathy"
"249"	"CARHAYKVSNYYHGLDVW"	"-"	"-"	"IgA nephropathy"
"250"	"CARHDGTGRTWVYFDNW"	"-"	"-"	"IgA nephropathy"
"251"	"CARHGASDTWYRHWYFDLW"	"-"	"-"	"IgA nephropathy"
"252"	"CARHGDFGDYVSYW"	"-"	"-"	"IgA nephropathy"
"253"	"CARHGGAMIRGVINPFDYW"	"-"	"-"	"IgA nephropathy"
"254"	"CARHKTTSNTATTYGMDIW"	"-"	"-"	"IgA nephropathy"
"255"	"CARHLPHCDGSNCYVVAFDFW"	"-"	"-"	"IgA nephropathy"
"256"	"CARHPRVAVAGRGPFDYW"	"-"	"-"	"IgA nephropathy"
"257"	"CARHPSGNYAPSYFYMDVW"	"-"	"-"	"IgA nephropathy"
"258"	"CARHSAWPKYYFDYW"	"-"	"-"	"IgA nephropathy"
"259"	"CARHSGSSMGGYYMDVW"	"-"	"-"	"IgA nephropathy"
"260"	"CARHTGTSWYGTDYW"	"-"	"-"	"IgA nephropathy"
"261"	"CARHVKSDWGYDHHYGMDVW"	"-"	"-"	"IgA nephropathy"
"262"	"CARIDFWRGLDLW"	"-"	"-"	"IgA nephropathy"
"263"	"CARIDSNYYGSGTYYRADFW"	"-"	"-"	"IgA nephropathy"
"264"	"CARIHSISCDGDYW"	"-"	"-"	"IgA nephropathy"
"265"	"CARIYGPQNGNNYFDPW"	"-"	"-"	"IgA nephropathy"
"266"	"CARKGTYSHAFDIW"	"-"	"-"	"IgA nephropathy"
"267"	"CARKQLAPNNWFDPW"	"-"	"-"	"IgA nephropathy"
"268"	"CARLAGAGYNSGFYIDYW"	"-"	"-"	"IgA nephropathy"
"269"	"CARLAVTTNYRNAFDIW"	"-"	"-"	"IgA nephropathy"
"270"	"CARLCCSSTSSFDYW"	"-"	"-"	"IgA nephropathy"
"271"	"CARLDGDGYYGFGFDYW"	"-"	"-"	"IgA nephropathy"
"272"	"CARLEYSGNEHFDCW"	"-"	"-"	"IgA nephropathy"
"273"	"CARLGDYDNYFDLW"	"-"	"-"	"IgA nephropathy"
"274"	"CARLLEAGDDYYMDVW"	"-"	"-"	"IgA nephropathy"
"275"	"CARLLLRGTFDLW"	"-"	"-"	"IgA nephropathy"
"276"	"CARLPSLVRGYYFDYW"	"-"	"-"	"IgA nephropathy"
"277"	"CARLPYSSSSYRYFDYW"	"-"	"-"	"IgA nephropathy"
"278"	"CARLPYSSSWYRHFEHW"	"-"	"-"	"IgA nephropathy"
"279"	"CARLPYSSSWYRYFDYW"	"-"	"-"	"IgA nephropathy"
"280"	"CARLQMATIPDAFDIW"	"-"	"-"	"IgA nephropathy"
"281"	"CARLQWLVTGGYFDYW"	"-"	"-"	"IgA nephropathy"
"282"	"CARLRAGSYGEDFDFW"	"-"	"-"	"IgA nephropathy"
"283"	"CARLRVGDGYNRGCFDYW"	"-"	"-"	"IgA nephropathy"
"284"	"CARLSDFRGLGPW"	"-"	"-"	"IgA nephropathy"
"285"	"CARLSSKGLDVW"	"-"	"-"	"IgA nephropathy"
"286"	"CARMINDSPNYYYQYMDVW"	"-"	"-"	"IgA nephropathy"
"287"	"CARMRTFTTSYGLDVW"	"-"	"-"	"IgA nephropathy"
"288"	"CARNLRPDFDYW"	"-"	"-"	"IgA nephropathy"
"289"	"CARPGGDMITAGFHYW"	"-"	"-"	"IgA nephropathy"
"290"	"CARPGIAPW"	"-"	"-"	"IgA nephropathy"
"291"	"CARPKSSGTYPFDYW"	"-"	"-"	"IgA nephropathy"
"292"	"CARPPRGSTSYIDYW"	"-"	"-"	"IgA nephropathy"
"293"	"CARPSWWYQIDSSGYPFEFW"	"-"	"-"	"IgA nephropathy"
"294"	"CARPTLRHGLDLW"	"-"	"-"	"IgA nephropathy"
"295"	"CARPTLRNGLDLW"	"-"	"-"	"IgA nephropathy"
"296"	"CARPYSTGSVDAIDTW"	"-"	"-"	"IgA nephropathy"
"297"	"CARPYYGSGHIDYW"	"-"	"-"	"IgA nephropathy"
"298"	"CARQAGLRFGDSLKWFDPW"	"-"	"-"	"IgA nephropathy"
"299"	"CARQDGNSRFYFDHW"	"-"	"-"	"IgA nephropathy"
"300"	"CARQFHGYMKEPVGYW"	"-"	"-"	"IgA nephropathy"
"301"	"CARQGGSYYGGLRWFDYW"	"-"	"-"	"IgA nephropathy"
"302"	"CARQGKLGSYDSW"	"-"	"-"	"IgA nephropathy"
"303"	"CARQGYGDYWYFDLW"	"-"	"-"	"IgA nephropathy"
"304"	"CARQGYGSESSGWDFDYW"	"-"	"-"	"IgA nephropathy"
"305"	"CARQHCLGGNCYDYW"	"-"	"-"	"IgA nephropathy"
"306"	"CARQKAWLHFDFW"	"-"	"-"	"IgA nephropathy"
"307"	"CARQLYGGNSGGLGYW"	"-"	"-"	"IgA nephropathy"
"308"	"CARQMVGATTTHFYYYHMDVW"	"-"	"-"	"IgA nephropathy"
"309"	"CARQQQLVLSGMDVW"	"-"	"-"	"IgA nephropathy"
"310"	"CARQRLVNSGSLPLLKYLDVW"	"-"	"-"	"IgA nephropathy"
"311"	"CARQRQLYYLMDVW"	"-"	"-"	"IgA nephropathy"
"312"	"CARQTLSSVPVYW"	"-"	"-"	"IgA nephropathy"
"313"	"CARQVGGTKGLDPW"	"-"	"-"	"IgA nephropathy"
"314"	"CARQVGLSRGQDFLYYSDYW"	"-"	"-"	"IgA nephropathy"
"315"	"CARQYDNVFEYW"	"-"	"-"	"IgA nephropathy"
"316"	"CARRDAGTGQEDYW"	"-"	"-"	"IgA nephropathy"
"317"	"CARREGSSWCVDYW"	"-"	"-"	"IgA nephropathy"
"318"	"CARREIYCSAGRCNPWYFDYW"	"-"	"-"	"IgA nephropathy"
"319"	"CARRGDGDSDMPYVDHW"	"-"	"-"	"IgA nephropathy"
"320"	"CARRGDGDSDTPYVDHW"	"-"	"-"	"IgA nephropathy"
"321"	"CARRGDGSSSSPYMDVW"	"-"	"-"	"IgA nephropathy"
"322"	"CARRGHEYEWFDPW"	"-"	"-"	"IgA nephropathy"
"323"	"CARRGISHWTYFDYW"	"-"	"-"	"IgA nephropathy"
"324"	"CARRGQFNFEGYYFFALDVW"	"-"	"-"	"IgA nephropathy"
"325"	"CARRGSGWSLFDYW"	"-"	"-"	"IgA nephropathy"
"326"	"CARRGWFSTSSNYYYGVDVW"	"-"	"-"	"IgA nephropathy"
"327"	"CARRGYFDSDGNNKWFGPW"	"-"	"-"	"IgA nephropathy"
"328"	"CARRHCGGSNCWMAFDIW"	"-"	"-"	"IgA nephropathy"
"329"	"CARRLCTGTSWFQPLDLW"	"-"	"-"	"IgA nephropathy"
"330"	"CARRLRGYRYGYYFDYW"	"-"	"-"	"IgA nephropathy"
"331"	"CARRMPQRIANFDVW"	"-"	"-"	"IgA nephropathy"
"332"	"CARRPYGEAIDFW"	"-"	"-"	"IgA nephropathy"
"333"	"CARRQATTAYFEYW"	"-"	"-"	"IgA nephropathy"
"334"	"CARRRAYSSDAMDVW"	"-"	"-"	"IgA nephropathy"
"335"	"CARRRGYSGYDWYFDLW"	"-"	"-"	"IgA nephropathy"
"336"	"CARRRRNSGYEGRFDLW"	"-"	"-"	"IgA nephropathy"
"337"	"CARRSRRADGGNSLDHW"	"-"	"-"	"IgA nephropathy"
"338"	"CARRSRRADGGNSLDYW"	"-"	"-"	"IgA nephropathy"
"339"	"CARRTGPYCISDGCPFIDIW"	"-"	"-"	"IgA nephropathy"
"340"	"CARRVVDYSGFKGFDPW"	"-"	"-"	"IgA nephropathy"
"341"	"CARRYYDYSGRPHPFDYW"	"-"	"-"	"IgA nephropathy"
"342"	"CARRYYYDSSVSFDYW"	"-"	"-"	"IgA nephropathy"
"343"	"CARSALTGVQGVQGFDPW"	"-"	"-"	"IgA nephropathy"
"344"	"CARSDITTFFAMDVW"	"-"	"-"	"IgA nephropathy"
"345"	"CARSDLYDMLTGPKDW"	"-"	"-"	"IgA nephropathy"
"346"	"CARSLGVYYRYGMGVW"	"-"	"-"	"IgA nephropathy"
"347"	"CARSPKDLWDFDSW"	"-"	"-"	"IgA nephropathy"
"348"	"CARSPKGSAWFDYW"	"-"	"-"	"IgA nephropathy"
"349"	"CARSYCASGTCYVGFDYW"	"-"	"-"	"IgA nephropathy"
"350"	"CARTLDVPDYW"	"-"	"-"	"IgA nephropathy"
"351"	"CARTLSSYRKVDYW"	"-"	"-"	"IgA nephropathy"
"352"	"CARTPTGFPNWFDPW"	"-"	"-"	"IgA nephropathy"
"353"	"CARTQARLEMAAITSFDYW"	"-"	"-"	"IgA nephropathy"
"354"	"CARVAGRIPDYW"	"-"	"-"	"IgA nephropathy"
"355"	"CARVDAVVAATGFDYW"	"-"	"-"	"IgA nephropathy"
"356"	"CARVDNPADFW"	"-"	"-"	"IgA nephropathy"
"357"	"CARVGGSSWYLDYW"	"-"	"-"	"IgA nephropathy"
"358"	"CARVIAAGGTDYYYGMDVW"	"-"	"-"	"IgA nephropathy"
"359"	"CARVNMIMFGGVRGWFDPW"	"-"	"-"	"IgA nephropathy"
"360"	"CARVPHGSYSYVDYW"	"-"	"-"	"IgA nephropathy"
"361"	"CARVQRGFTYGSYYYYYYMDVW"	"-"	"-"	"IgA nephropathy"
"362"	"CARVQSIREEGATWFDPW"	"-"	"-"	"IgA nephropathy"
"363"	"CARVRGLQLGDLSVFRNWYFDLW"	"-"	"-"	"IgA nephropathy"
"364"	"CARVRMGTSDTFDIW"	"-"	"-"	"IgA nephropathy"
"365"	"CARVSVSYYFDHW"	"-"	"-"	"IgA nephropathy"
"366"	"CARVTANGTTFDNW"	"-"	"-"	"IgA nephropathy"
"367"	"CARVTATLDPW"	"-"	"-"	"IgA nephropathy"
"368"	"CARVTVYGDIHYGVDVW"	"-"	"-"	"IgA nephropathy"
"369"	"CARWGPMYYYMDVW"	"-"	"-"	"IgA nephropathy"
"370"	"CARWGTYEYDSSGCLDYW"	"-"	"-"	"IgA nephropathy"
"371"	"CARWPPGTTFDYW"	"-"	"-"	"IgA nephropathy"
"372"	"CARWREDSFDLW"	"-"	"-"	"IgA nephropathy"
"373"	"CARWSFGSGFEFW"	"-"	"-"	"IgA nephropathy"
"374"	"CARYCSSTSCYVGWGNYGMDVW"	"-"	"-"	"IgA nephropathy"
"375"	"CARYGVAGTRYYYYGLDVW"	"-"	"-"	"IgA nephropathy"
"376"	"CARYSSGWPDYW"	"-"	"-"	"IgA nephropathy"
"377"	"CARYVGTDGMDVW"	"-"	"-"	"IgA nephropathy"
"378"	"CARYYYESTDKYWAYAFDSW"	"-"	"-"	"IgA nephropathy"
"379"	"CASARDGNYWWFDPW"	"-"	"-"	"IgA nephropathy"
"380"	"CASCSSCSGLPW"	"-"	"-"	"IgA nephropathy"
"381"	"CASDLTYSSAWW"	"-"	"-"	"IgA nephropathy"
"382"	"CASDPPNGNYRLDNW"	"-"	"-"	"IgA nephropathy"
"383"	"CASDSRFGDKGFEDW"	"-"	"-"	"IgA nephropathy"
"384"	"CASEFGEFAPFDYW"	"-"	"-"	"IgA nephropathy"
"385"	"CASFSQGLNWLGPW"	"-"	"-"	"IgA nephropathy"
"386"	"CASGADLPGDYW"	"-"	"-"	"IgA nephropathy"
"387"	"CASGADYFVQW"	"-"	"-"	"IgA nephropathy"
"388"	"CASGALATGDFW"	"-"	"-"	"IgA nephropathy"
"389"	"CASGGYCSGGSCYSGAFDYW"	"-"	"-"	"IgA nephropathy"
"390"	"CASGNYSFCFDFW"	"-"	"-"	"IgA nephropathy"
"391"	"CASGRRPMDRGVLIDYW"	"-"	"-"	"IgA nephropathy"
"392"	"CASGRSGYDGAFHIW"	"-"	"-"	"IgA nephropathy"
"393"	"CASGSTYGDYIYYYGMDVW"	"-"	"-"	"IgA nephropathy"
"394"	"CASHVTGSSFAYW"	"-"	"-"	"IgA nephropathy"
"395"	"CASIIGGTFSPVDYW"	"-"	"-"	"IgA nephropathy"
"396"	"CASLAVAGTGSAFDYW"	"-"	"-"	"IgA nephropathy"
"397"	"CASLTGYSTWLDPW"	"-"	"-"	"IgA nephropathy"
"398"	"CASLYCGGDCPMDWYFDLW"	"-"	"-"	"IgA nephropathy"
"399"	"CASQRGGNKFFDYW"	"-"	"-"	"IgA nephropathy"
"400"	"CASTNGHNYPDYFDYW"	"-"	"-"	"IgA nephropathy"
"401"	"CASVGISSWSLGYW"	"-"	"-"	"IgA nephropathy"
"402"	"CATDIPPLFWDGDLSGTMDVW"	"-"	"-"	"IgA nephropathy"
"403"	"CATDLIARYNWNNDAFDIW"	"-"	"-"	"IgA nephropathy"
"404"	"CATDRRTGYDVATGYFAPYYFDHW"	"-"	"-"	"IgA nephropathy"
"405"	"CATDTTDIYAFTVW"	"-"	"-"	"IgA nephropathy"
"406"	"CATDVGATYYYNYGMDVW"	"-"	"-"	"IgA nephropathy"
"407"	"CATDYNYW"	"-"	"-"	"IgA nephropathy"
"408"	"CATDYSDSSGLGYW"	"-"	"-"	"IgA nephropathy"
"409"	"CATEGRGGSLNSW"	"-"	"-"	"IgA nephropathy"
"410"	"CATENCTSSTCPAGNAFDVW"	"-"	"-"	"IgA nephropathy"
"411"	"CATFGRSSLHGMDVW"	"-"	"-"	"IgA nephropathy"
"412"	"CATGALFLW"	"-"	"-"	"IgA nephropathy"
"413"	"CATGDYYDNGPFGSW"	"-"	"-"	"IgA nephropathy"
"414"	"CATGGYSYGSAFDLW"	"-"	"-"	"IgA nephropathy"
"415"	"CATGKGSLDEFHIW"	"-"	"-"	"IgA nephropathy"
"416"	"CATGRVGQNDYW"	"-"	"-"	"IgA nephropathy"
"417"	"CATHYALPYFDYW"	"-"	"-"	"IgA nephropathy"
"418"	"CATIIWEVLEYW"	"-"	"-"	"IgA nephropathy"
"419"	"CATLDYYDTSGYYRTGMDAW"	"-"	"-"	"IgA nephropathy"
"420"	"CATLLPIHGLPW"	"-"	"-"	"IgA nephropathy"
"421"	"CATLSGASW"	"-"	"-"	"IgA nephropathy"
"422"	"CATNDYLLRFRHW"	"-"	"-"	"IgA nephropathy"
"423"	"CATPGIAQGFDYW"	"-"	"-"	"IgA nephropathy"
"424"	"CATPHLTYGDGFDIW"	"-"	"-"	"IgA nephropathy"
"425"	"CATREGGELHFDNW"	"-"	"-"	"IgA nephropathy"
"426"	"CATRPSATVYYGVFDFW"	"-"	"-"	"IgA nephropathy"
"427"	"CATRQCTITNCYAASQKCFDNW"	"-"	"-"	"IgA nephropathy"
"428"	"CATRQPRVRAVHFDFW"	"-"	"-"	"IgA nephropathy"
"429"	"CATSNVIIGPGKYYGMEVW"	"-"	"-"	"IgA nephropathy"
"430"	"CATSSSGDHAGSFDYW"	"-"	"-"	"IgA nephropathy"
"431"	"CATTSKGYFDLW"	"-"	"-"	"IgA nephropathy"
"432"	"CATVEYYYDRTYYFFEYW"	"-"	"-"	"IgA nephropathy"
"433"	"CATVFDFW"	"-"	"-"	"IgA nephropathy"
"434"	"CATVFDYW"	"-"	"-"	"IgA nephropathy"
"435"	"CATVGAAGHFDSW"	"-"	"-"	"IgA nephropathy"
"436"	"CATVNRPIYGVVYFYGMDVW"	"-"	"-"	"IgA nephropathy"
"437"	"CATVSRYGGYGSYFGLDVW"	"-"	"-"	"IgA nephropathy"
"438"	"CATWGDTSLVFDSW"	"-"	"-"	"IgA nephropathy"
"439"	"CATWNYDAVRAFAVW"	"-"	"-"	"IgA nephropathy"
"440"	"CAVARKYSYSYLFDYW"	"-"	"-"	"IgA nephropathy"
"441"	"CAVGQDIDLPSLNWFDPW"	"-"	"-"	"IgA nephropathy"
"442"	"CAVNPSSNVMTLDYW"	"-"	"-"	"IgA nephropathy"
"443"	"CDRGDLHFW"	"-"	"-"	"IgA nephropathy"
"444"	"CGATYGIFDYW"	"-"	"-"	"IgA nephropathy"
"445"	"CGCMVRRGGMDVW"	"-"	"-"	"IgA nephropathy"
"446"	"CGIHYETSGYYAFDIW"	"-"	"-"	"IgA nephropathy"
"447"	"CGRNIAAEGKDGMDVW"	"-"	"-"	"IgA nephropathy"
"448"	"CGRSDSSWYFFQDW"	"-"	"-"	"IgA nephropathy"
"449"	"CIKEKLPGGLDYW"	"-"	"-"	"IgA nephropathy"
"450"	"CRVIPAVANSDYW"	"-"	"-"	"IgA nephropathy"
"451"	"CSKGISGWTHDALDMW"	"-"	"-"	"IgA nephropathy"
"452"	"CSRRLDVW"	"-"	"-"	"IgA nephropathy"
"453"	"CTGEVGHSRSLESW"	"-"	"-"	"IgA nephropathy"
"454"	"CTLGNPGMYFDNW"	"-"	"-"	"IgA nephropathy"
"455"	"CTREGVYYYDNNGVFW"	"-"	"-"	"IgA nephropathy"
"456"	"CTRGPPTWGFDLW"	"-"	"-"	"IgA nephropathy"
"457"	"CTRGTAAALDPW"	"-"	"-"	"IgA nephropathy"
"458"	"CTRHGVADPKRGYFDYW"	"-"	"-"	"IgA nephropathy"
"459"	"CTRRAFGDSDAFDFW"	"-"	"-"	"IgA nephropathy"
"460"	"CTRSLDYW"	"-"	"-"	"IgA nephropathy"
"461"	"CTRVQGRGGRFDPW"	"-"	"-"	"IgA nephropathy"
"462"	"CTTEGGLYW"	"-"	"-"	"IgA nephropathy"
"463"	"CTTGFPANYDFWSASILGYFDLW"	"-"	"-"	"IgA nephropathy"
"464"	"CTVEDDYSNTFNHW"	"-"	"-"	"IgA nephropathy"
"465"	"CVGGSGWLPDYW"	"-"	"-"	"IgA nephropathy"
"466"	"CVHIQNGFFTWHYFDDW"	"-"	"-"	"IgA nephropathy"
"467"	"CVHSGVLNFYS"	"-"	"-"	"IgA nephropathy"
"468"	"CVIGYYHDSSGHSPTKKFQYW"	"-"	"-"	"IgA nephropathy"
"469"	"CVKGLGSTDWNTRRWFDRW"	"-"	"-"	"IgA nephropathy"
"470"	"CVKIMVRGTDAFDIW"	"-"	"-"	"IgA nephropathy"
"471"	"CVKRPVTTALLYSYFDSW"	"-"	"-"	"IgA nephropathy"
"472"	"CVQGAVTTWSSRGYFRNW"	"-"	"-"	"IgA nephropathy"
"473"	"CVQVRGSFTQTPADW"	"-"	"-"	"IgA nephropathy"
"474"	"CVRAVRGAGSYMFDHW"	"-"	"-"	"IgA nephropathy"
"475"	"CVRDRGSPDAFNIW"	"-"	"-"	"IgA nephropathy"
"476"	"CVRDRITWDW"	"-"	"-"	"IgA nephropathy"
"477"	"CVRDRNAFDYW"	"-"	"-"	"IgA nephropathy"
"478"	"CVRDSFGWSGDPW"	"-"	"-"	"IgA nephropathy"
"479"	"CVRDSSEGSFMDVW"	"-"	"-"	"IgA nephropathy"
"480"	"CVRDYYWAFDYW"	"-"	"-"	"IgA nephropathy"
"481"	"CVREVGHSRSLESW"	"-"	"-"	"IgA nephropathy"
"482"	"CVRGFWGSGMDVW"	"-"	"-"	"IgA nephropathy"
"483"	"CVRGGDLGSDPVYYYYMDVW"	"-"	"-"	"IgA nephropathy"
"484"	"CVRGIRAGAFDIW"	"-"	"-"	"IgA nephropathy"
"485"	"CVRGMSAFDYW"	"-"	"-"	"IgA nephropathy"
"486"	"CVRGYFRFGMGVW"	"-"	"-"	"IgA nephropathy"
"487"	"CVRKVLGNYSPTYYSYYMDVW"	"-"	"-"	"IgA nephropathy"
"488"	"CVRLLDLDYW"	"-"	"-"	"IgA nephropathy"
"489"	"CVRLSHESGYDWQGDMDVW"	"-"	"-"	"IgA nephropathy"
"490"	"CVRNGGWSFDSW"	"-"	"-"	"IgA nephropathy"
"491"	"CVRQGCITTSCNTLDYW"	"-"	"-"	"IgA nephropathy"
"492"	"CVRRGSYYGSGSDLFDYW"	"-"	"-"	"IgA nephropathy"
"493"	"CVRSHYFNVGSLRGWFDPW"	"-"	"-"	"IgA nephropathy"
"494"	"CVRSRSRSSWYYFDSW"	"-"	"-"	"IgA nephropathy"
"495"	"CVRVPWQQKGLDVW"	"-"	"-"	"IgA nephropathy"
"496"	"CVRWLGNNLNYFDHW"	"-"	"-"	"IgA nephropathy"
"497"	"CVSVTYYYDRRGYYFDYW"	"-"	"-"	"IgA nephropathy"
"498"	"CVTDSFYEGWFDPW"	"-"	"-"	"IgA nephropathy"
"499"	"CVTDSTDYNFYMDVW"	"-"	"-"	"IgA nephropathy"
"500"	"CVTEGGGDW"	"-"	"-"	"IgA nephropathy"
"501"	"FATLRGKSDGRSSYNDWYFDLW"	"-"	"-"	"IgA nephropathy"
"502"	"FTIDPDGGDGYDFEYW"	"-"	"-"	"IgA nephropathy"
"503"	"CAKVLDYNEYSLYFGMDVW"	"-"	"Peanut"	"Anaphylactic shock due to adverse food reaction"
"504"	"CAKVLDYSAFSYYYGMDVW"	"-"	"Peanut"	"Anaphylactic shock due to adverse food reaction"
"505"	"CAKVLDYSEFHYYYGLDVW"	"-"	"Peanut"	"Anaphylactic shock due to adverse food reaction"
"506"	"CAKVLDYSEYSLYFGMDVW"	"-"	"Peanut"	"Anaphylactic shock due to adverse food reaction"
"507"	"CAKVLDYSRYSYYYGMDVW"	"-"	"Peanut"	"Anaphylactic shock due to adverse food reaction"
"508"	"CAKVLDYS?HFYYYFGLDVW"	"-"	"Peanut"	"Anaphylactic shock due to adverse food reaction"
"509"	"CARKLRVWGPFRLDAFDVW"	"-"	"-"	"Tetanus vaccine"
"510"	"CASGRSLDYW"	"-"	"-"	"Tetanus vaccine"
"511"	"CASGNTLDYW"	"-"	"-"	"Tetanus vaccine"
"512"	"CATGNTLDYW"	"-"	"-"	"Tetanus vaccine"
"513"	"CVSAPRDTSTIAARFNRYFFDTW"	"-"	"-"	"Tetanus vaccine"
"514"	"CAKAPRATSTIAARFNRYFFDAW"	"-"	"-"	"Tetanus vaccine"
"515"	"CAKAPRGTSTIAARFNRYFFDSW"	"-"	"-"	"Tetanus vaccine"
"516"	"CARAPGGTSTIAARFNRYFFDSW"	"-"	"-"	"Tetanus vaccine"
"517"	"CARAPPGTSTIAARFNRYFFDSW"	"-"	"-"	"Tetanus vaccine"
"518"	"CARAPRDTSTIAARHNRYQFDSW"	"-"	"-"	"Tetanus vaccine"
"519"	"CARAPRGTSTIAARFNRYFFDSW"	"-"	"-"	"Tetanus vaccine"
"520"	"CARAPRGTSTISARFNRYFFESW"	"-"	"-"	"Tetanus vaccine"
"521"	"CASAPRGTSTIAARFNRYFFDFW"	"-"	"-"	"Tetanus vaccine"
"522"	"CATAPRGTSTIAARFNRYFFDSW"	"-"	"-"	"Tetanus vaccine"
"523"	"CVRAPRGTSTIAARFNRYFFDSW"	"-"	"-"	"Tetanus vaccine"
"524"	"CARAPRDTSTIAARFNRYFFDSW"	"-"	"-"	"Tetanus vaccine"
"525"	"CASAPRDASTIAARFNRYFFDFW"	"-"	"-"	"Tetanus vaccine"
"526"	"CASAPRDTSTIAARFNRYFFDFW"	"-"	"-"	"Tetanus vaccine"
"527"	"CASAPRDTSTIAARLNRYFFDFW"	"-"	"-"	"Tetanus vaccine"
"528"	"CASAPRGTSTIAARHNRYFFDYW"	"-"	"-"	"Tetanus vaccine"
"529"	"CERAPPGTSTIAARFNRYFFDSW"	"-"	"-"	"Tetanus vaccine"
"530"	"CAKEPAPFNYYDSSAYYGGGYYFDYW"	"-"	"-"	"Tetanus vaccine"
"531"	"CVTAPDDTETIPARHNRYYFDSW"	"-"	"-"	"Tetanus vaccine"
"532"	"CVTAPDDTGTILARHNRYYFDSW"	"-"	"-"	"Tetanus vaccine"
"533"	"CARDRAQIWGYRRGGDALDVW"	"-"	"-"	"Tetanus vaccine"
"534"	"CARLYSGSYYPVEYW"	"-"	"-"	"Tetanus vaccine"
"535"	"CARDVRRRFGEFFRPFDLW"	"-"	"-"	"Tetanus vaccine"
"536"	"CARDVRRRFGEFLRPFDLW"	"-"	"-"	"Tetanus vaccine"
"537"	"CARDIRRRFGEFFRPFDFW"	"-"	"-"	"Tetanus vaccine"
"538"	"CATGRTLDYW"	"-"	"-"	"Tetanus vaccine"
"539"	"CTRDLYTGSPVEAFDIW"	"-"	"-"	"Tetanus vaccine"
"540"	"CARGAGAQGYDWFDPW"	"-"	"-"	"Tetanus vaccine"
"541"	"CARDSAPLSRRGALGIW"	"-"	"-"	"Tetanus vaccine"
"542"	"CARLPIIGSGYDAVSLGNYGMDVW"	"-"	"-"	"Tetanus vaccine"
"543"	"CARGSGTYSFLDNW"	"-"	"-"	"Tetanus vaccine"
"544"	"CASGSTLDYW"	"-"	"-"	"Tetanus vaccine"
"545"	"CASGVTHDYW"	"-"	"-"	"Tetanus vaccine"
"546"	"CVSGGSLDYW"	"-"	"-"	"Tetanus vaccine"
"547"	"CVTGSSLDYW"	"-"	"-"	"Tetanus vaccine"
"548"	"CASGNTHDYW"	"-"	"-"	"Tetanus vaccine"
"549"	"CVSGSSLDYW"	"-"	"-"	"Tetanus vaccine"
"550"	"CVSGSSFDYW"	"-"	"-"	"Tetanus vaccine"
"551"	"CLTGSSLDYW"	"-"	"-"	"Tetanus vaccine"
"552"	"CARQEPKQWLVDYYFDSW"	"-"	"-"	"Tetanus vaccine"
"553"	"CATGGDIGSYHSGGYFHHW"	"-"	"-"	"Tetanus vaccine"
"554"	"CTRLQYCSYVS"	"-"	"-"	"Tetanus vaccine"
"555"	"CARAKQGHTGLDVW"	"-"	"-"	"Tetanus vaccine"
"556"	"CARDLGGIGSNW"	"-"	"-"	"Tetanus vaccine"
"557"	"CAREGYCSSIYCSFDYW"	"-"	"-"	"Tetanus vaccine"
"558"	"CAKDLYGDYDLDYW"	"-"	"-"	"Tetanus vaccine"
"559"	"CAMGDSSSKIEYW"	"-"	"-"	"Tetanus vaccine"
"560"	"CVNGDYVV"	"-"	"-"	"Tetanus vaccine"
"561"	"CARVGGGTRGYYYMAVW"	"-"	"-"	"Tetanus vaccine"
"562"	"CTRARNAFYTLPHYDMDVW"	"-"	"-"	"Tetanus vaccine"
"563"	"CARDYSSPYYFEHW"	"-"	"-"	"Tetanus vaccine"
"564"	"CARQYCSSASCYASLRHSGQFYYFMDVW"	"-"	"-"	"Tetanus vaccine"
"565"	"CARQYCSSASCYVSLRHSGQFYYFMDVW"	"-"	"-"	"Tetanus vaccine"
"566"	"CARDHSSPYYFDYW"	"-"	"-"	"Tetanus vaccine"
"567"	"CARDYSSPYYFDYW"	"-"	"-"	"Tetanus vaccine"
"568"	"CARTVRGVVPFDYW"	"-"	"-"	"Tetanus vaccine"
"569"	"CARVVGGTRSYYALGFW"	"-"	"-"	"Tetanus vaccine"
"570"	"CARVVGGTRPYYALGLW"	"-"	"-"	"Tetanus vaccine"
"571"	"CARSVFPVLPFDFW"	"-"	"-"	"Tetanus vaccine"
"572"	"CARVVGGTRSYYALGVW"	"-"	"-"	"Tetanus vaccine"
"573"	"CAKDLESFYCTDGGCPFDYW"	"-"	"-"	"Tetanus vaccine"
"574"	"CARARLLYCSGGRCDMDYW"	"-"	"-"	"Tetanus vaccine"
"575"	"CARSMRMVRGRIEQFDYW"	"-"	"-"	"Tetanus vaccine"
"576"	"CAKDLILGVPHYYFDSW"	"-"	"-"	"Tetanus vaccine"
"577"	"CAKSLIFGVAAYYFDSW"	"-"	"-"	"Tetanus vaccine"
"578"	"CAEGLIFGVAAYYFDHW"	"-"	"-"	"Tetanus vaccine"
"579"	"CAKGLIFGVAAYYFDHW"	"-"	"-"	"Tetanus vaccine"
"580"	"CAKGLIFGVAAYYFDSW"	"-"	"-"	"Tetanus vaccine"
"581"	"CAKGLIFGVAAYYFDYW"	"-"	"-"	"Tetanus vaccine"
"582"	"CAKGLIFGVPAYYFDSW"	"-"	"-"	"Tetanus vaccine"
"583"	"CARQDSNTLYFFDLW"	"-"	"-"	"Tetanus vaccine"
"584"	"CVRERVRVYGEIVHKYFDLW"	"-"	"-"	"Tetanus vaccine"
"585"	"CARAVVPARVPFDFW"	"-"	"-"	"Tetanus vaccine"
"586"	"CARSSAYVYAFDIW"	"-"	"-"	"Tetanus vaccine"
"587"	"CARGCPEIAVRAIYYYGMDVW"	"-"	"-"	"Tetanus vaccine"
"588"	"CAKDLESFYCTDGGRPFDYW"	"-"	"-"	"Tetanus vaccine"
"589"	"CARSVVPATRAFDFW"	"-"	"-"	"Tetanus vaccine"
"590"	"CAKHAMGGWYGFGAFDIW"	"-"	"-"	"Tetanus vaccine"
"591"	"CARTVLPATFAFDFW"	"-"	"-"	"Tetanus vaccine"
"592"	"CAKLPSGSYYDYFDSW"	"-"	"-"	"Tetanus vaccine"
"593"	"CARDICSAGNCYPGNGLDPW"	"-"	"-"	"Tetanus vaccine"
"594"	"CARGGVGVASKLSHW"	"-"	"-"	"Tetanus vaccine"
"595"	"CALRDGNNLVYFDYW"	"-"	"-"	"Tetanus vaccine"
"596"	"CALRDGSNFVYFDFW"	"-"	"-"	"Tetanus vaccine"
"597"	"CARVREGQQVLVFDSW"	"-"	"-"	"Tetanus vaccine"
"598"	"CTTGGSLSMPMW"	"-"	"-"	"Tetanus vaccine"
"599"	"CARVLGGTRLYYALNVW"	"-"	"-"	"Tetanus vaccine"
"600"	"CARDRWMGGYPRNFFDSW"	"-"	"-"	"Tetanus vaccine"
"601"	"CARLLGGTRHYYALNVW"	"-"	"-"	"Tetanus vaccine"
"602"	"CARHRGGTLPYYYFDVW"	"-"	"-"	"Tetanus vaccine"
"603"	"CGRVLGGTRLYYALNVW"	"-"	"-"	"Tetanus vaccine"
"604"	"CARVFGGTRLYYALNVW"	"-"	"-"	"Tetanus vaccine"
"605"	"CARVLGGTRLYYAMNVW"	"-"	"-"	"Tetanus vaccine"
"606"	"CARVLGGTRLYYALHIW"	"-"	"-"	"Tetanus vaccine"
"607"	"CARVLGGTRLYYAQNVW"	"-"	"-"	"Tetanus vaccine"
"608"	"CARVLGGTRVYYALNVW"	"-"	"-"	"Tetanus vaccine"
"609"	"CARLGIAARHYFYGVDVW"	"-"	"-"	"Tetanus vaccine"
"610"	"CARRPGWAATRAAGAFDIW"	"-"	"-"	"Tetanus vaccine"
"611"	"CARDYGGTRDYYALDAW"	"-"	"-"	"Tetanus vaccine"
"612"	"CARDYGGTRHYYALDAW"	"-"	"-"	"Tetanus vaccine"
"613"	"CVRPRGYCADGLCYPALYFYYMDVW"	"-"	"-"	"Tetanus vaccine"
"614"	"CAKDLVIGQCTTTKCPRFFDSW"	"-"	"-"	"Tetanus vaccine"
"615"	"CARGVGTAGTGMDVW"	"-"	"-"	"Tetanus vaccine"
"616"	"CAKAGIQWLRDYFYDSW"	"-"	"-"	"Tetanus vaccine"
"617"	"CAREYGDYKFDYW"	"-"	"-"	"Tetanus vaccine"
"618"	"CARDMGSRVAAPLDYW"	"-"	"-"	"Tetanus vaccine"
"619"	"CARTSGGVEWLSSIYYGMDVW"	"-"	"-"	"Tetanus vaccine"
"620"	"CARRIAIFSVVLRSGWFDPW"	"-"	"-"	"Tetanus vaccine"
"621"	"CARDRGRITLFGEVILRAGWFDSW"	"-"	"-"	"Tetanus vaccine"
"622"	"CARGVLGGYNNGLYYYYYLDVW"	"-"	"-"	"Tetanus vaccine"
"623"	"CARRHGYSDQRNWFDSW"	"-"	"-"	"Tetanus vaccine"
"624"	"CATGRGLEFDYW"	"-"	"-"	"Tetanus vaccine"
"625"	"CARTVGVVLPFDYW"	"-"	"-"	"Tetanus vaccine"
"626"	"CARTMGVVLPFDYW"	"-"	"-"	"Tetanus vaccine"
"627"	"CVKDPRRRTWFFHRSGFDIW"	"-"	"-"	"Tetanus vaccine"
"628"	"CARAGSSWSLRPTTFDYW"	"-"	"-"	"Tetanus vaccine"
"629"	"CARAGTSWSLRPTTFDYW"	"-"	"-"	"Tetanus vaccine"
"630"	"CARASSSWSLRPTTFDYW"	"-"	"-"	"Tetanus vaccine"
"631"	"CARTNNFGSGNYDAWNYFFDYW"	"-"	"-"	"Tetanus vaccine"
"632"	"CAKAHKQWLAHYNFDYW"	"-"	"-"	"Tetanus vaccine"
"633"	"CARMRRIFINHYSSYMDVW"	"-"	"-"	"Tetanus vaccine"
"634"	"CARARLLFCSGGRCDMDSW"	"-"	"-"	"Tetanus vaccine"
"635"	"CSRVGPFDPW"	"-"	"-"	"Tetanus vaccine"
"636"	"CARDYYGSGSHYYFDYW"	"-"	"-"	"Tetanus vaccine"
"637"	"CTTHDYW"	"-"	"-"	"Tetanus vaccine"
"638"	"CARDGVITLGGVIELRWYDPW"	"-"	"-"	"Tetanus vaccine"
"639"	"CARIVGTHGFDYC"	"-"	"-"	"Tetanus vaccine"
"640"	"CARIVGTHGFDYW"	"-"	"-"	"Tetanus vaccine"
"641"	"CARRPNLWGSALWYFDLW"	"-"	"-"	"Tetanus vaccine"
"642"	"CARARYSYYDSSGYYRLDFW"	"-"	"-"	"Tetanus vaccine"
"643"	"CARTVASLGTAFDYW"	"-"	"-"	"Tetanus vaccine"
"644"	"CAKGLSQALNYYGSGSPFL"	"-"	"-"	"Tetanus vaccine"
"645"	"CARDSRTRARGSGGFYRGNVYYYAMDVW"	"-"	"-"	"Tetanus vaccine"
"646"	"CARDSRTRARGSGGWYRGNVYYYAMDVW"	"-"	"-"	"Tetanus vaccine"
"647"	"CARLGLIW"	"-"	"-"	"Tetanus vaccine"
"648"	"CARWRWHQSEFDYW"	"-"	"-"	"Tetanus vaccine"
"649"	"CGKDHIGYNSQSGYRPESYYYMDLW"	"-"	"-"	"Tetanus vaccine"
"650"	"CGKDHIGYNSRSGYRPESYYYMDLW"	"-"	"-"	"Tetanus vaccine"
"651"	"CGKDHVGYNSRSGYRPESYYYMDLW"	"-"	"-"	"Tetanus vaccine"
"652"	"CARVMKVGDYYFYYMDVW"	"-"	"-"	"Tetanus vaccine"
"653"	"CARSTHSSADYW"	"-"	"-"	"Tetanus vaccine"
"654"	"CARGHFKEEPTLPTMSRPTTPPYFDYW"	"-"	"-"	"Tetanus vaccine"
"655"	"CARADHYDSSGSNFFFYGMDVW"	"-"	"-"	"Tetanus vaccine"
"656"	"CATWVSRESSFDYW"	"-"	"-"	"Tetanus vaccine"
"657"	"CARVRINLYGALLLSWFDSW"	"-"	"-"	"Tetanus vaccine"
"658"	"CARARRTYSGYDSAFDYW"	"-"	"-"	"Tetanus vaccine"
"659"	"CARARGPYSGTYYATGWW"	"-"	"-"	"Tetanus vaccine"
"660"	"CARRHYCRSTSCYDAFDIW"	"-"	"-"	"Tetanus vaccine"
"661"	"CARIVGYNWKGEGNFDYW"	"-"	"-"	"Tetanus vaccine"
"662"	"CARIKDVGHCSGGSCYSGAGWFDPW"	"-"	"-"	"Tetanus vaccine"
"663"	"CARKAPGWGPAFDWFGPW"	"-"	"-"	"Tetanus vaccine"
"664"	"CARDYSSPYHFDYW"	"-"	"-"	"Tetanus vaccine"
"665"	"CTRDYSSPYYFEFW"	"-"	"-"	"Tetanus vaccine"
"666"	"CARVSGWGPRGGIYFDYW"	"-"	"-"	"Tetanus vaccine"
"667"	"CARASYHYDSSGSSPQYYFDSW"	"-"	"-"	"Tetanus vaccine"
"668"	"CATDGAGYSSNLW"	"-"	"-"	"Tetanus vaccine"
"669"	"CARDFYSGSYRSFDYW"	"-"	"-"	"Tetanus vaccine"
"670"	"CARDFYSGTYRSFDHW"	"-"	"-"	"Tetanus vaccine"
"671"	"CARDFYSGTYRSFDYW"	"-"	"-"	"Tetanus vaccine"
"672"	"CTKDRYRGHVLTGNSFEHW"	"-"	"-"	"Tetanus vaccine"
"673"	"CAKYLSGGYAIDVW"	"-"	"-"	"Tetanus vaccine"
"674"	"CVKYLWGGYAIDVW"	"-"	"-"	"Tetanus vaccine"
"675"	"CARDYFGSGPIYYFDHW"	"-"	"-"	"Tetanus vaccine"
"676"	"CARDYFGSGSVYYFDYW"	"-"	"-"	"Tetanus vaccine"
"677"	"CVRDYNGSGKYYFEYW"	"-"	"-"	"Tetanus vaccine"
"678"	"CAKGITRPGVAVRERFDHW"	"-"	"-"	"Tetanus vaccine"
"679"	"CARGGPSWTVIDHW"	"-"	"-"	"Tetanus vaccine"
"680"	"CARGVAGIASRRHAYDIW"	"-"	"-"	"Tetanus vaccine"
"681"	"CARGGRYSYGYASFFDYW"	"-"	"-"	"Tetanus vaccine"
"682"	"CVRERQDGTMLTGLFNYFDHW"	"-"	"-"	"Tetanus vaccine"
"683"	"CARVSGWGPRGGIYFDFW"	"-"	"-"	"Tetanus vaccine"
"684"	"CARERGHDTNGQPDNW"	"-"	"-"	"Tetanus vaccine"
"685"	"CAAQSPFKGDHDYW"	"-"	"-"	"Tetanus vaccine"
"686"	"CGNYDWNYGGVEFW"	"-"	"-"	"Tetanus vaccine"
"687"	"CARGPCRSTSCPSYYYGMDVW"	"-"	"-"	"Tetanus vaccine"
"688"	"CTTVENFWSEFYGMDVW"	"-"	"-"	"Tetanus vaccine"
"689"	"CARGEPDLYYYGSGSYSPRRVGDYYMDVW"	"-"	"-"	"Tetanus vaccine"
"690"	"CARARRTFSGYDSAFDYW"	"-"	"-"	"Tetanus vaccine"
"691"	"CARARRTFSGYYSAFDYW"	"-"	"-"	"Tetanus vaccine"
"692"	"CARDYFGSGSIYYFDYW"	"-"	"-"	"Tetanus vaccine"
"693"	"CAREEFTSSSRWFDPW"	"-"	"-"	"Tetanus vaccine"
"694"	"CARLMRYSSPSGRLEGLVGRFDPW"	"-"	"-"	"Tetanus vaccine"
"695"	"CARDFYSGSYRSFDCW"	"-"	"-"	"Tetanus vaccine"
"696"	"CAKDRITAADYW"	"-"	"-"	"Tetanus vaccine"
"697"	"CARGVFSRANYGFLYSFDSW"	"-"	"-"	"Tetanus vaccine"
"698"	"CARRHYCSSTSCYDAFDIW"	"-"	"-"	"Tetanus vaccine"
"699"	"CAKGRKQWLVPDFDSW"	"-"	"-"	"Tetanus vaccine"
"700"	"CARDPRTVAGMSYFLYW"	"-"	"-"	"Tetanus vaccine"
"701"	"CARDPRTVAGMSYFLHW"	"-"	"-"	"Tetanus vaccine"
"702"	"CAREMVGHSAPADYW"	"-"	"-"	"Tetanus vaccine"
"703"	"CARDWNQGSGIYYISDW"	"-"	"-"	"Tetanus vaccine"
"704"	"CVTGSSHDFW"	"-"	"-"	"Tetanus vaccine"
"705"	"CARYRGGTRGYYYMDVW"	"-"	"-"	"Tetanus vaccine"
"706"	"CVHLPPYRISLFGEDLYRPTYFDFW"	"-"	"-"	"Tetanus vaccine"
"707"	"CARATLTDWSGRFWFDPW"	"-"	"-"	"Tetanus vaccine"
"708"	"CARAGVPATRSFDFW"	"-"	"-"	"Tetanus vaccine"
"709"	"CARSVVPATRSFDYW"	"-"	"-"	"Tetanus vaccine"
"710"	"CARDRGAHLTLFGEPLIRPSSFDFW"	"-"	"-"	"Tetanus vaccine"
"711"	"CARDRGAQITLFGAPLIRPSSFDSR"	"-"	"-"	"Tetanus vaccine"
"712"	"CARDRGAQITLFGAPLIRPSSFDSW"	"-"	"-"	"Tetanus vaccine"
"713"	"CTTVGEALITLFGTVIRRARDFDSW"	"-"	"-"	"Tetanus vaccine"
"714"	"CARDRLGTREYDWIFYGMEVW"	"-"	"-"	"Tetanus vaccine"
"715"	"CARPPSWRYHYFDSW"	"-"	"-"	"Tetanus vaccine"
"716"	"CVRPPSWRYHYFDSW"	"-"	"-"	"Tetanus vaccine"
"717"	"CARPPSWRYHYFGSW"	"-"	"-"	"Tetanus vaccine"
"718"	"CARVPLFFSNWNLRAFDIW"	"-"	"-"	"Tetanus vaccine"
"719"	"CAKDRQLKDAFDIW"	"-"	"-"	"Tetanus vaccine"
"720"	"CTRDREGSGSSKPPGPPHFDYW"	"-"	"-"	"Tetanus vaccine"
"721"	"CTNQMDNWFDPW"	"-"	"-"	"Tetanus vaccine"
"722"	"CARHIRGVTPFDYR"	"-"	"-"	"Tetanus vaccine"
"723"	"CATVGETRFTLFGTLMRRPRELRDW"	"-"	"-"	"Tetanus vaccine"
"724"	"CSPRGDCSSTNCYENFFHDLDVW"	"-"	"-"	"Tetanus vaccine"
"725"	"CARINGNVKIFGMVLPRGWFDPW"	"-"	"-"	"Tetanus vaccine"
"726"	"CARINGNVMVFGMVLPRGWFDPW"	"-"	"-"	"Tetanus vaccine"
"727"	"CARINGNVTIFGMILPRGWFDPW"	"-"	"-"	"Tetanus vaccine"
"728"	"CARINGNVTIFGMVLPRGWFDPW"	"-"	"-"	"Tetanus vaccine"
"729"	"CARINGNVTIFGMVPPRGWFDPW"	"-"	"-"	"Tetanus vaccine"
"730"	"CARINGYVTVFGMILPRGWFDPW"	"-"	"-"	"Tetanus vaccine"
"731"	"CARTNGNVTIFGMVLPRGWFDPW"	"-"	"-"	"Tetanus vaccine"
"732"	"CARVNGYVTVFGMILPRGWFDPW"	"-"	"-"	"Tetanus vaccine"
"733"	"CARVRGRRIPLFGGTIIRGARFDYW"	"-"	"-"	"Tetanus vaccine"
"734"	"CARCRGGTRSYYYMDVW"	"-"	"-"	"Tetanus vaccine"
"735"	"CTRCRGGTRTYYYMDVW"	"-"	"-"	"Tetanus vaccine"
"736"	"CATGVTMDYW"	"-"	"-"	"Tetanus vaccine"
"737"	"CARHGGYCSSASCYSGAFLTGYYFDYW"	"-"	"-"	"Tetanus vaccine"
"738"	"CTTGTVVVP-YW"	"-"	"-"	"Tetanus vaccine"
"739"	"CARVEWGSRRAFDSW"	"-"	"-"	"Tetanus vaccine"
"740"	"CALDHYYGSGSYYNLPAFDIW"	"-"	"-"	"Tetanus vaccine"
"741"	"CARYLGSTRGYYYMDVW"	"-"	"-"	"Tetanus vaccine"
"742"	"CARHLDSHDVFTGYNLGGYMDLW"	"-"	"-"	"Tetanus vaccine"
"743"	"CARHLDSYDVFDGYNLGGYMDVW"	"-"	"-"	"Tetanus vaccine"
"744"	"CARHLDSYDVFNGYNLGGYMDVW"	"-"	"-"	"Tetanus vaccine"
"745"	"CARHLDSYDVFTGYNLGGYMDLW"	"-"	"-"	"Tetanus vaccine"
"746"	"CARHLDSYDVFTGYNLGGYMDVW"	"-"	"-"	"Tetanus vaccine"
"747"	"CARDPKVWSASSGFDYW"	"-"	"-"	"Tetanus vaccine"
"748"	"CASGYCSSTSCYDYW"	"-"	"-"	"Tetanus vaccine"
"749"	"CVRVLRWN-AFHIW"	"-"	"-"	"Tetanus vaccine"
"750"	"CARPHVTWTSRTAFDIW"	"-"	"-"	"Tetanus vaccine"
"751"	"CARHRGGWAKRGPFDYW"	"-"	"-"	"Tetanus vaccine"
"752"	"CARRHYCRSTSCYDAFDTW"	"-"	"-"	"Tetanus vaccine"
"753"	"CARDLFFGPLKGLFDSW"	"-"	"-"	"Tetanus vaccine"
"754"	"CVKRRRQWLVNSSFDFW"	"-"	"-"	"Tetanus vaccine"
"755"	"CARQTDNWFDPW"	"-"	"-"	"Tetanus vaccine"
"756"	"CASGDCNSGSCYFRDAFDIW"	"-"	"-"	"Tetanus vaccine"
"757"	"CARSREPYDMKAFDVW"	"-"	"-"	"Tetanus vaccine"
"758"	"CTRARNVHYTLPHYDMDVW"	"-"	"-"	"Tetanus vaccine"
"759"	"CARDPRARGLLFGNFDYW"	"-"	"-"	"Tetanus vaccine"
"760"	"CTATYYDFWSGLSRGGYW"	"-"	"-"	"Tetanus vaccine"
"761"	"CARVYYDW"	"-"	"-"	"Tetanus vaccine"
"762"	"CARTVGAFGRFPFDFW"	"-"	"-"	"Tetanus vaccine"
"763"	"CARIQVVSAADKEGLYYYNAMDVW"	"-"	"-"	"Tetanus vaccine"
"764"	"CALRDGNNFVYFDYW"	"-"	"-"	"Tetanus vaccine"
"765"	"CALRDGSNFVYFDYW"	"-"	"-"	"Tetanus vaccine"
"766"	"CAKDLFSGSGSTWATNRLDPW"	"-"	"-"	"Tetanus vaccine"
"767"	"CARDLYSGSGSNWATNRFDPW"	"-"	"-"	"Tetanus vaccine"
"768"	"CTTDFSILRAYLLRFLEWPSYGMDVW"	"-"	"-"	"Tetanus vaccine"
"769"	"CARGKDCRANNCYLSERNNWFDPW"	"-"	"-"	"Tetanus vaccine"
"770"	"CARGKDCRSNGCFLSERNNWFDPW"	"-"	"-"	"Tetanus vaccine"
"771"	"CARGKDCRSNNCYLSERNNWFDPW"	"-"	"-"	"Tetanus vaccine"
"772"	"CARGKDCRSNNCYLSERSNWFDPW"	"-"	"-"	"Tetanus vaccine"
"773"	"CARLPKHYIAEAVTW"	"-"	"-"	"Tetanus vaccine"
"774"	"CARDEDGVAGAFDIW"	"-"	"-"	"Tetanus vaccine"
"775"	"CARSGPEYSYGYTFDYW"	"-"	"-"	"Tetanus vaccine"
"776"	"CTARYCTRTSCYGTPDYW"	"-"	"-"	"Tetanus vaccine"
"777"	"CAKSPEPIPARLAPGHFDYW"	"-"	"-"	"Tetanus vaccine"
"778"	"CARTVVPAGVGFDYW"	"-"	"-"	"Tetanus vaccine"
"779"	"CSRDEVNRPHYIW"	"-"	"-"	"Tetanus vaccine"
"780"	"CGRQDATIRLNGPIDLW"	"-"	"-"	"Tetanus vaccine"
"781"	"CARVKGYCGGGRCHWGVSDIW"	"-"	"-"	"Tetanus vaccine"
"782"	"CAVVAENWFDPW"	"-"	"-"	"Tetanus vaccine"
"783"	"CARDRGGTRHHYYMDVW"	"-"	"-"	"Tetanus vaccine"
"784"	"CTTSAGALAGPGILW"	"-"	"-"	"Tetanus vaccine"
"785"	"CARLQSFYTSQNSVRRPFDSW"	"-"	"-"	"Tetanus vaccine"
"786"	"CARCRGGTRHYYYLDVW"	"-"	"-"	"Tetanus vaccine"
"787"	"CARCRGGTRQYYYLDVW"	"-"	"-"	"Tetanus vaccine"
"788"	"CAKYRRQWLSNECFDIW"	"-"	"-"	"Tetanus vaccine"
"789"	"CARGGPGNLRVNLGRGVFDFW"	"-"	"-"	"Tetanus vaccine"
"790"	"CARGGPGNVRVNLGRGVFDFW"	"-"	"-"	"Tetanus vaccine"
"791"	"CVKDSGVTPSVW"	"-"	"-"	"Tetanus vaccine"
"792"	"CARVRVSLIGVVVHRYFDLW"	"-"	"-"	"Tetanus vaccine"
"793"	"CARGDKWAFWFGEIDYW"	"-"	"-"	"Tetanus vaccine"
"794"	"CAGAKVGVGGENAFDIW"	"-"	"-"	"Tetanus vaccine"
"795"	"CAREKESAGWNAHYFDYW"	"-"	"-"	"Tetanus vaccine"
"796"	"CAKADNIVLVPAALTRPVDYW"	"-"	"-"	"Tetanus vaccine"
"797"	"CAQGVVGSW"	"-"	"-"	"Tetanus vaccine"
"798"	"CARDVDLWLTADKGDYYGMDFW"	"-"	"-"	"Tetanus vaccine"
"799"	"CTRCRGGTRTYYYMDIW"	"-"	"-"	"Tetanus vaccine"
"800"	"CARRYDFWSGFLDYW"	"-"	"-"	"Tetanus vaccine"
"801"	"CARGGSSAFDVW"	"-"	"-"	"Tetanus vaccine"
"802"	"CARTQYDAWSGSVLEDIYYYYYMDVW"	"-"	"-"	"Tetanus vaccine"
"803"	"CTSGVTFDYW"	"-"	"-"	"Tetanus vaccine"
"804"	"CARVSRYGDYGPEYFQHW"	"-"	"-"	"Tetanus vaccine"
"805"	"CARERVRVYGEIIHKYFDLW"	"-"	"-"	"Tetanus vaccine"
"806"	"CARHADNWFDPW"	"-"	"-"	"Tetanus vaccine and Diphtheria vaccine"
"807"	"CARQADNWFDPW"	"-"	"-"	"Tetanus vaccine and Diphtheria vaccine"
"808"	"CAFTADNWFDPW"	"-"	"-"	"Tetanus vaccine and Diphtheria vaccine"
"809"	"CALTYDNWFDPW"	"-"	"-"	"Tetanus vaccine and Diphtheria vaccine"
"810"	"CVVTYDNWFDPW"	"-"	"-"	"Tetanus vaccine and Diphtheria vaccine"
"811"	"CARVPGMAAAGTEFDRW"	"-"	"-"	"Tetanus vaccine and Diphtheria vaccine"
"812"	"CARDPGNYAGHSHFDYW"	"-"	"-"	"Tetanus vaccine and Diphtheria vaccine"
"813"	"CARDPRQTLGSSYFVYW"	"-"	"-"	"Tetanus vaccine and Diphtheria vaccine"
"814"	"CASTRSSTWYLFDYW"	"-"	"-"	"Tetanus vaccine and Diphtheria vaccine"
"815"	"CAKTRGGTRDWYYFDYW"	"-"	"-"	"Tetanus vaccine and Diphtheria vaccine"
"816"	"CAREVVRYSYGSGEYYYYGMDVW"	"-"	"-"	"Tetanus vaccine and Diphtheria vaccine"
"817"	"CVRSTYAYGSGSDNWYLDFW"	"-"	"-"	"Tetanus vaccine and Diphtheria vaccine"
"818"	"CARGYCSGGSCFPADTFDVW"	"-"	"-"	"Tetanus vaccine and Diphtheria vaccine"
"819"	"CATVKYNSGWDGFDIW"	"-"	"-"	"Tetanus vaccine and Diphtheria vaccine"
"820"	"CARVFITTLGGVIDGHGMDVW"	"-"	"-"	"Tetanus vaccine and Diphtheria vaccine"
"821"	"CANNRDNWFDPW"	"-"	"-"	"Tetanus vaccine and Diphtheria vaccine"
"822"	"CAREGSYGDTYHFYYAMDVW"	"-"	"H1N1"	"Need for immunization against influenza"
"823"	"CAREGSYGDTYHSYYAMDVW"	"-"	"H1N1"	"Need for immunization against influenza"
"824"	"CAREGSYGDTYHSYYGMDVW"	"-"	"H1N1"	"Need for immunization against influenza"
"825"	"CARQGSYADTYFYHYGMDVW"	"-"	"H1N1"	"Need for immunization against influenza"
"826"	"CARTGSSWDTYFYYYAMDVW"	"-"	"H1N1"	"Need for immunization against influenza"
"827"	"CARTGSSWDTYYYYYAMDVW"	"-"	"H1N1"	"Need for immunization against influenza"
"828"	"CARTGSYADTYFYHYAMDVW"	"-"	"H1N1"	"Need for immunization against influenza"
"829"	"CARTGSYADTYFYHYGMDVW"	"-"	"H1N1"	"Need for immunization against influenza"
"830"	"CARTGSYADTYYYYYAMDVW"	"-"	"H1N1"	"Need for immunization against influenza"
"831"	"CARTGSYGDTYHYYYAMDVW"	"-"	"H1N1"	"Need for immunization against influenza"
"832"	"CARTGSYGDTYHYYYGMDVW"	"-"	"H1N1"	"Need for immunization against influenza"
"833"	"CARTGSYGDTYYYYYAMDVW"	"-"	"H1N1"	"Need for immunization against influenza"
"834"	"ASLYYYGTSYGVLDY"	"-"	"Lysozyme C"	"Numida meleagris (helmeted guineafowl)"
"835"	"AGYDYGNFDY"	"-"	"Cytochrome c"	"Equus caballus (domestic horse)"
"836"	"ANWDGDY"	"-"	"Lysozyme C precursor"	"Gallus gallus (chicken)"
"837"	"TRLGDYGYAYTMDY"	"-"	"Angiogenin precursor"	"Homo sapiens (human)"
"838"	"ARGLDS"	"-"	"Outer surface protein A"	"Borreliella burgdorferi (Lyme disease spirochete)"
"839"	"ARSRDYYGSSGFAF"	"-"	"Outer surface protein A"	"Borreliella burgdorferi (Lyme disease spirochete)"
"840"	"ARSGYYGDSDWYFDV"	"-"	"T-cell surface glycoprotein CD3 epsilon chain precursor"	"Homo sapiens (human)"
"841"	"ARYYDDHYCLDY"	"-"	"T-cell surface glycoprotein CD3 epsilon chain precursor"	"Homo sapiens (human)"
"842"	"ARRAPFYGNHAMDY"	"-"	"Interferon-gamma receptor alpha chain precursor"	"Homo sapiens (human)"
"843"	"TRGNGD"	"-"	"Thermonuclease precursor"	"Staphylococcus aureus"
"844"	"ARVMGEQYFDV"	"-"	"Phosphocarrier protein HPr"	"Escherichia coli"
"845"	"SRGDGIHGGFAY"	"-"	"Cytokine receptor common beta chain precursor"	"Homo sapiens (human)"
"846"	"TRSHYGLDWNFDV"	"-"	"T-cell-specific surface glycoprotein CD28 precursor"	"Homo sapiens (human)"
"847"	"ARYYYGYWYFDV"	"-"	"DNA polymerase I, thermostable"	"Thermus aquaticus"
"848"	"ARDNSYYFDY"	"-"	"Tissue factor precursor"	"Homo sapiens (human)"
"849"	"ARDSGYAMDY"	"-"	"Tissue factor precursor"	"Homo sapiens (human)"
"850"	"TRGFGDGGYFDV"	"-"	"Chain A, Crystal Structure Of A Chimeric Alpha1 Integrin I-Domain In Complex With The Fab Fragment Of A Humanized Neutralizing Antibody"	"Rattus norvegicus (Norway rat)"
"851"	"AAGGYELRDRTYGQ"	"-"	"Ribonuclease pancreatic precursor"	"Bos taurus (bovine)"
"852"	"SRWGGDGFYAMDY"	"-"	"Receptor tyrosine-protein kinase erbB-2 precursor"	"Homo sapiens (human)"
"853"	"ARNYYRFDGGMDF"	"-"	"Merozoite surface protein 1 precursor"	"Plasmodium falciparum (malaria parasite P. falciparum)"
"854"	"TRGTDY"	"-"	"Major prion protein precursor (188-199)"	"Ovis aries (domestic sheep)"
"855"	"TRGARDTWFAY"	"-"	"Major pollen allergen Bet v 1-A"	"Betula pendula (European white birch)"
"856"	"ARSEYYSVTGYAMDY"	"-"	"Cytochrome b-c1 complex subunit Rieske, mitochondrial precursor"	"Saccharomyces cerevisiae (baker's yeast)"
"857"	"ARMRYGDYYAMDN"	"-"	"Outer surface protein B precursor"	"Borreliella burgdorferi (Lyme disease spirochete)"
"858"	"ARSGGSYRYDGGFDY"	"-"	"Neuraminidase"	"Influenza A virus"
"859"	"ARGDGNYGY"	"-"	"Lysozyme C precursor"	"Gallus gallus (chicken)"
"860"	"ARPTGRLWFSY"	"-"	"Hemagglutinin"	"Influenza A virus"
"861"	"TRFLQITTIIYGMDY"	"-"	"Hemagglutinin"	"Influenza A virus"
"862"	"VRPLYDYYAMDY"	"-"	"Integrin alpha-IIb"	"Homo sapiens (human)"
"863"	"ARGEDNFGSLSDY"	"-"	"Neuraminidase"	"Influenza A virus"
"864"	"ARSASYGDYADY"	"-"	"envelope glycoprotein"	"West Nile virus"
"865"	"ARDTVMGGMDV"	"-"	"Spike glycoprotein precursor"	"SARS-CoV1"
"866"	"SRYRYDDAMDY"	"-"	"Botulinum neurotoxin type A precursor"	"Clostridium botulinum"
"867"	"ARDRSYYLDY"	"-"	"Spike glycoprotein precursor"	"SARS-CoV1"
"868"	"TLYYGSVDY"	"-"	"Hyalurononglucosaminidase precursor"	"Apis mellifera (European honey bee)"
"869"	"TLSHF"	"-"	"Apical membrane antigen 1"	"Plasmodium falciparum (malaria parasite P. falciparum)"
"870"	"TRGVPGNNWFPY"	"-"	"Interleukin-10 precursor"	"Homo sapiens (human)"
"871"	"ARDTAAYFDY"	"-"	"Tissue factor precursor"	"Homo sapiens (human)"
"872"	"AVPDPDAFDI"	"-"	"Coagulation factor VIII precursor"	"Homo sapiens (human)"
"873"	"ATGNTMVNMPY"	"-"	"Myelin-oligodendrocyte glycoprotein precursor"	"Rattus norvegicus (Norway rat)"
"874"	"VRHEYYYAMDY"	"-"	"Cytochrome c oxidase subunit 2 precursor"	"Paracoccus denitrificans"
"875"	"AKAKRVGATGYFDL"	"-"	"Beta-lactoglobulin precursor"	"Bos taurus (bovine)"
"876"	"ARALTYYDYEFAY"	"-"	"Epidermal growth factor receptor precursor"	"Homo sapiens (human)"
"877"	"TRAGRFDHFDY"	"-"	"Chain B, An Alpha-Beta T Cell Receptor (Tcr) Heterodimer In Complex With An Anti-Tcr Fab Fragment Derived From A Mitogenic Antibody"	"Mus musculus (mouse)"
"878"	"AAGPGSGKLVVAGRTCYGPNY"	"-"	"Chain A, Camelid Vhh Domain In Complex With Porcine Pancreatic Alpha- Amylase"	"Sus scrofa (pig)"
"879"	"ATGNSVRLASWEGYFY"	"-"	"Chain A, Camelid Vhh Domain In Complex With Porcine Pancreatic Alpha- Amylase"	"Sus scrofa (pig)"
"880"	"KPSLRYGLPGCPIIP"	"-"	"Chain A, Camelid Vhh Domain In Complex With Porcine Pancreatic Alpha- Amylase"	"Sus scrofa (pig)"
"881"	"ARWVRQMDY"	"-"	"Aspartic protease Bla g 2 homodimer"	""
"882"	"AKHMGYQVRETMDV"	"-"	"Hemagglutinin"	"Influenza A virus"
"883"	"AKWLGGRDWYD"	"-"	"Type II secretory pathway, component EpsJ"	"Vibrio vulnificus"
"884"	"ARLDGYTLDI"	"-"	"Pollen allergen Phl p 2"	"Phleum pratense (timothy grass)"
"885"	"ARDNPYYALDY"	"-"	"von Willebrand factor"	"Homo sapiens (human)"
"886"	"ARMWYYGTYYFDY"	"-"	""	""
"887"	"AGNYYGMDY"	"-"	"von Willebrand factor"	"Homo sapiens (human)"
"888"	"SGWSFLY"	"-"	"Thrombopoietin precursor (Megakaryocyte colony-stimulating factor) (Myeloproliferative leukemia virus oncogene ligand) (C-mpl ligand) (ML) (Megakaryocyte growth and development factor) (MGDF)"	"Homo sapiens (human)"
"889"	"ARLGPDDYTLDGMDV"	"-"	"IgG1 Fc"	"Homo sapiens (human)"
"890"	"ARSRTDLYYFDY"	"-"	"KB5-C20 TCR"	""
"891"	"ARLYYGYGYWYFDV"	"-"	"ClC"	""
"892"	"ARDYEGFAY"	"-"	"polyprotein"	"Dengue virus"
"893"	"ARWGPHWYFDV"	"-"	"Urokinase plasminogen activator surface receptor"	"Homo sapiens (human)"
"894"	"ARGVFGFFDY"	"-"	"C-C motif chemokine 2"	"Homo sapiens (human)"
"895"	"SRDYGYYFDF"	"-"	"Interleukin-2 receptor subunit alpha"	"Homo sapiens (human)"
"896"	"SRSSYAYYAAMDY"	"-"	"Vascular endothelial growth factor A precursor"	"Homo sapiens (human)"
"897"	"VRDPADYGNYDYALDY"	"-"	"von Willebrand factor"	"Homo sapiens (human)"
"898"	"ARGRFFDY"	"-"	"GTPase HRas"	"Homo sapiens (human)"
"899"	"ARNWDVAY"	"-"	"Interleukin-23 subunit alpha"	"Homo sapiens (human)"
"900"	"ARPYLTYPQRRGPQNVSPFDN"	"-"	"Suppressor of tumorigenicity 14 protein"	"Homo sapiens (human)"
"901"	"ARERDYRLDY"	"-"	"Lysozyme C precursor"	"Gallus gallus (chicken)"
"902"	"LHGNYDFDG"	"-"	"Lysozyme C"	"Colinus virginianus (bobwhite quail)"
"903"	"ASWGGDV"	"-"	"Lysozyme C precursor"	"Gallus gallus (chicken)"
"904"	"AARSGGFSSNRELYDG"	"-"	"phage p2 receptor-binding protein, homotrimer"	""
"905"	"ATVYGNYPYFDV"	"-"	"envelope protein"	"West Nile virus"
"906"	"ARERDFRLDY"	"-"	"Lysozyme C precursor"	"Gallus gallus (chicken)"
"907"	"TRDDNYGAMDY"	"-"	"Lysozyme C"	"Phasianus colchicus (Ring-necked pheasant)"
"908"	"ARLEPGYSSTWSVN"	"-"	"Thyrotropin receptor"	"Homo sapiens (human)"
"909"	"ALYYYDVSY"	"-"	"Major prion protein precursor"	"Homo sapiens (human)"
"910"	"NANVKTWAGMTRDY"	"-"	"Chain A, Crystal Structure Of The N-Terminal Domain Of The Secretin Gspd From Etec Determined With The Assistance Of A Nanobody"	"Escherichia coli"
"911"	"ARWDWYFDV"	"-"	"Lysozyme C"	"Meleagris gallopavo (common turkey)"
"912"	"ARTLRVSGDYVRDFDL"	"-"	"hemagglutinin"	"Influenza A virus"
"913"	"AADSTIYASYYECGHGLSTGGYGYDS"	"-"	"Lysozyme C precursor"	"Gallus gallus (chicken)"
"914"	"AATEVAGWPLDIGIYDY"	"-"	"Lysozyme C"	"Homo sapiens (human)"
"915"	"ARWEMDY"	"-"	"Lysozyme C precursor"	"Gallus gallus (chicken)"
"916"	"ANWDGTY"	"-"	"Lysozyme C precursor"	"Gallus gallus (chicken)"
"917"	"ARWDGDY"	"-"	"Lysozyme C precursor"	"Gallus gallus (chicken)"
"918"	"GATRKYVPVRFALDQSSYDY"	"-"	"Lysozyme C precursor"	"Gallus gallus (chicken)"
"919"	"AAARQGWYIPLNSYGYNY"	"-"	"Lysozyme C precursor"	"Gallus gallus (chicken)"
"920"	"AAGYRNYGQCATRY"	"-"	"Lysozyme C precursor"	"Gallus gallus (chicken)"
"921"	"ARGDGFYVY"	"-"	"Lysozyme C precursor"	"Gallus gallus (chicken)"
"922"	"ANWAGDY"	"-"	"Lysozyme C precursor"	"Gallus gallus (chicken)"
"923"	"TREGIPQLLRTLDY"	"-"	"Spike glycoprotein precursor"	"SARS-CoV1"
"924"	"AADTSTWYRGYCGTNPNYFSY"	"-"	"Lysozyme C precursor"	"Gallus gallus (chicken)"
"925"	"AAGWSSLGSCGTNRNRYNY"	"-"	"Lysozyme C precursor"	"Gallus gallus (chicken)"
"926"	"ARERGDGYFAV"	"-"	"Voltage-gated potassium channel"	"Streptomyces lividans"
"927"	"AAGGDALVATRYGR"	"-"	"Ribonuclease pancreatic precursor"	"Bos taurus (bovine)"
"928"	"ARSPHYYGTTYNYPMDY"	"-"	"amino acid transporter"	"Methanocaldococcus jannaschii"
"929"	"ATKVIYYQGRGAMDY"	"-"	"Fv D1.3"	""
"930"	"TRDPAGRAWFAY"	"-"	"Aspartic protease Bla g 2"	""
"931"	"ATKGFAY"	"-"	"Intercellular adhesion molecule 1"	"Homo sapiens (human)"
"932"	"VRGYDYFAMDY"	"-"	"Voltage-gated potassium channel"	"Aeropyrum pernix"
"933"	"ARGLAFYFDH"	"-"	"Fab D1.3"	"Mus musculus (mouse)"
"934"	"ARGELPYYRMSKVMDV"	"-"	"Neuropilin-1"	"Homo sapiens (human)"
"935"	"AREDFRNRRRLWYVMDY"	"-"	"Neuropilin-2"	"Homo sapiens (human)"
"936"	"TPLIGSWYFDF"	"-"	"T-cell surface glycoprotein CD8 alpha chain"	"Mus musculus (mouse)"
"937"	"TSNRESYYFDY"	"-"	"T-cell surface glycoprotein CD8 beta chain"	"Mus musculus (mouse)"
"938"	"ARDLIHGVTRN"	"-"	"IL-17A"	"Homo sapiens (human)"
"939"	"ASSYDFWSNAFDI"	"-"	"Integrin alpha-L"	"Homo sapiens (human)"
"940"	"AREYYRWYTAIDY"	"-"	"Ubiquitin"	"Homo sapiens (human)"
"941"	"ARGSGFRWVMDY"	"-"	"Neurogenic locus notch homolog protein 1"	"Homo sapiens (human)"
"942"	"ARMGSDYDVWFDY"	"-"	"Interleukin-13"	"Homo sapiens (human)"
"943"	"ARLGSDYDVWFDY"	"-"	"Interleukin-13"	"Homo sapiens (human)"
"944"	"VLRPLFYYAVDY"	"-"	"Fab 730.1.4"	"Mus musculus (mouse)"
"945"	"AREDFRYHYSMDY"	"-"	"D3H44"	"Homo sapiens (human)"
"946"	"ARGGVGSFDT"	"-"	"toxin 2, Cn2"	"Centruroides noxius (Mexican scorpion)"
"947"	"ARDMIFNFYFDV"	"-"	"fusion protein (254-277)"	"Human respiratory syncytial virus"
"948"	"AQSAITSVTDSAMDH"	"-"	"reverse transcriptase p51 subunit"	"Human immunodeficiency virus 1 (human immunodeficiency virus 1 HIV-1)"
"949"	"ARTPWWYWSGLDY"	"-"	"Maltose-binding periplasmic protein"	"Escherichia coli"
"950"	"ARDNPTLLGSDY"	"-"	"Envelope glycoprotein gp160 precursor"	"Human immunodeficiency virus 1 (human immunodeficiency virus 1 HIV-1)"
"951"	"AGVYEGEADEGEYDNNGFLKH"	"-"	"Envelope glycoprotein gp160 precursor"	"Human immunodeficiency virus 1 (human immunodeficiency virus 1 HIV-1)"
"952"	"ARGPFSPWVMDY"	"-"	"Beta-secretase 1"	"Homo sapiens (human)"
"953"	"GRLGYVYGFDY"	"-"	"Envelope glycoprotein H"	"Suid alphaherpesvirus 1 (Alphaherpesvirus pseudorabies virus PRV)"
"954"	"AGVYEGEADEGEYRNNGFLKH"	"-"	"Envelope glycoprotein gp160 precursor"	"Human immunodeficiency virus 1 (human immunodeficiency virus 1 HIV-1)"
"955"	"ARGPVPAVFYGDYRLDP"	"-"	"Envelope glycoprotein gp160 precursor"	"Human immunodeficiency virus 1 (human immunodeficiency virus 1 HIV-1)"
"956"	"ARDIGLKGEHYDILTAYGPDY"	"-"	"Envelope glycoprotein gp160 precursor"	"Human immunodeficiency virus 1 (human immunodeficiency virus 1 HIV-1)"
"957"	"ARVGPYSWDDSPQDNYYMDV"	"-"	"Envelope glycoprotein gp160 precursor"	"Human immunodeficiency virus 1 (human immunodeficiency virus 1 HIV-1)"
"958"	"ARTSIGYGSSPPFPY"	"-"	"Chain B, Crystal Structure Of The 2f5 Fab'-3h6 Fab Complex (60-69)"	"Homo sapiens (human)"
"959"	"ARERWHVRGYFDH"	"-"	"Bone morphogenetic protein receptor type-1A"	"Homo sapiens (human)"
"960"	"ARDWERGDFFDY"	"-"	"Sonic hedgehog protein"	"Homo sapiens (human)"
"961"	"SRSSLDGYYVKNWCFDV"	"-"	"nitric acid reductase"	""
"962"	"ARGGGVFDY"	"-"	"Interleukin-2 receptor subunit alpha"	"Homo sapiens (human)"
"963"	"ARGLRF"	"-"	"Interleukin-18"	"Homo sapiens (human)"
"964"	"NVNVGFEY"	"-"	"Green fluorescent protein"	"Aequorea victoria"
"965"	"ARHYEIQIGRYGMNVYYLMYRFAS"	"-"	"Proprotein convertase subtilisin/kexin type 9"	"Homo sapiens (human)"
"966"	"ARKPYYGNFAWFAY"	"-"	"ovalbumin (261-265)"	"Gallus gallus (chicken)"
"967"	"VGLDWNYNPLRY"	"-"	"Thyrotropin receptor"	"Homo sapiens (human)"
"968"	"ARHFYTYFDV"	"-"	"Junctional adhesion molecule-like"	"Mus musculus (mouse)"
"969"	"AARPQGDYVTAHYDY"	"-"	"MP18 RNA editing complex protein"	"Trypanosoma brucei"
"970"	"AGDLYGLGSHMENEYDS"	"-"	"MP18 RNA editing complex protein"	"Trypanosoma brucei"
"971"	"AKDSQLRSLLYFEWLSQGYFDY"	"-"	"hemagglutinin"	"Influenza A virus"
"972"	"AGELLPYYGMDV"	"-"	"HLA class I histocompatibility antigen, A-2 alpha chain precursor"	""
"973"	"AKPWYPFMASKGSEFDY"	"-"	"Protein Mdm4"	"Homo sapiens (human)"
"974"	"ARVSIFGVGTFDY"	"-"	"Epidermal growth factor receptor precursor"	"Homo sapiens (human)"
"975"	"ARDNGDYVGEKGFDI"	"-"	"Insulin-like growth factor II"	"Homo sapiens (human)"
"976"	"ARTYGIYDLYVDYTEYVMDY"	"-"	"fibroblast growth factor receptor 3 isoform 3 precursor"	"Homo sapiens (human)"
"977"	"ARADYGFNSGEAMDY"	"-"	"Prostate-specific antigen precursor"	"Homo sapiens (human)"
"978"	"ARDYDFWSAYYDAFDV"	"-"	"PCSK9"	"Homo sapiens (human)"
"979"	"ARFWWRSFDY"	"-"	"Hepatocyte growth factor activator"	"Homo sapiens (human)"
"980"	"ARRLALVRMWMDY"	"-"	"Tumor necrosis factor receptor superfamily member 10B"	"Homo sapiens (human)"
"981"	"SRPVVRLGYNFDY"	"-"	"Gag polyprotein"	"Human immunodeficiency virus 1 (human immunodeficiency virus 1 HIV-1)"
"982"	"AADPWELNAFNV"	"-"	"Envelope glycoprotein gp160 precursor"	"Human immunodeficiency virus 1 (human immunodeficiency virus 1 HIV-1)"
"983"	"ARASYSSSSPYAFDI"	"-"	"Envelope glycoprotein gp160 precursor"	"Human immunodeficiency virus 1 (human immunodeficiency virus 1 HIV-1)"
"984"	"TRGKNCDYNWDFEH"	"-"	"Gp160"	"Human immunodeficiency virus 1 (human immunodeficiency virus 1 HIV-1)"
"985"	"AHRRGPTTLFGVPIARGPVNAMDV"	"-"	"Envelope glycoprotein gp41 (100-107)"	"Human immunodeficiency virus 1 (human immunodeficiency virus 1 HIV-1)"
"986"	"AREKDNYATGAWFAY"	"-"	"T-cell surface glycoprotein CD4"	"Homo sapiens (human)"
"987"	"ARYFDTYNNYGFAN"	"-"	"Envelope glycoprotein gp160 precursor"	"Human immunodeficiency virus 1 (human immunodeficiency virus 1 HIV-1)"
"988"	"ARQGTGTTGVSEDSFDL"	"-"	"envelope protein"	"Dengue virus"
"989"	"GRTGVYRYPERAPY"	"-"	"Peptidase 1 precursor (Major mite fecal allergen Der f 1) (Allergen Der f I)"	""
"990"	"AREPPLFYSSWSLDN"	"-"	"Hemagglutinin (HA1/HA2)"	"Influenza A virus"
"991"	"TRGGSHAMDY"	"-"	"envelope protein"	"Dengue virus"
"992"	"SRGWEGFAY"	"-"	"Polyprotein"	"Dengue virus"
"993"	"TRSNYRYDYFDV"	"-"	"IMV membrane protein"	"Vaccinia virus (vaccinia virus VV)"
"994"	"ATGYRTDTRIPGGS"	"-"	"Botulinum neurotoxin type A precursor"	"Clostridium botulinum"
"995"	"AADRFSPVVPGPIPVNTVDS"	"-"	"A3(OB):A6"	"Trypanosoma brucei"
"996"	"ARGGYRYDPYYAMDY"	"-"	"Spike protein"	"Alphacoronavirus 1 (Alphacoronavirus-1)"
"997"	"ARHGNYYYYSGMDV"	"-"	"H5 HA"	"Influenza A virus"
"998"	"ARDVQYSGSYLGAYYFDY"	"-"	"hemagglutinin"	"Influenza B virus (Influenza virus type B)"
"999"	"QVRDNNENEWV"	"-"	"Interferon alpha-1/13"	"Homo sapiens (human)"
"1000"	"ARLGGYDEGDAMDS"	"-"	"Tissue factor pathway inhibitor"	"Homo sapiens (human)"
"1001"	"ARYDGIYGELDF"	"-"	"C-C motif chemokine 2"	"Homo sapiens (human)"
"1002"	"AKHMSMQQVVSAGWERADLVGDAFDV"	"-"	"Hemagglutinin"	"Influenza A virus"
"1003"	"ARPYDYSWFAY"	"-"	"Hemagglutinin precursor"	"Influenza A virus"
"1004"	"ARWFFPWYFDV"	"-"	"envelope protein"	"Dengue virus"
"1005"	"SRSGYGYYAMEY"	"-"	"Major prion protein precursor"	"Homo sapiens (human)"
"1006"	"ARERPLYASDL"	"-"	"Proprotein convertase subtilisin/kexin type 9"	"Homo sapiens (human)"
"1007"	"ARDLRTGPFDY"	"-"	"Interleukin-1 beta"	"Homo sapiens (human)"
"1008"	"ARNRYDPPWFVD"	"-"	"Interleukin-1 beta"	"Homo sapiens (human)"
"1009"	"ARLFGSYYFDY"	"-"	"Cytochrome b2, mitochondrial"	"Saccharomyces cerevisiae (baker's yeast)"
"1010"	"ARTWLLRWVMDL"	"-"	"Polyubiquitin-C"	"Homo sapiens (human)"
"1011"	"ARTVRGSKKPYFSGWAMDY"	"-"	"Tudor domain-containing protein 3"	"Homo sapiens (human)"
"1012"	"ERGELTYAMDY"	"-"	"Urokinase-type plasminogen activator"	"Homo sapiens (human)"
"1013"	"ARGGPDYAMDV"	"-"	"hIL-34"	"Homo sapiens (human)"
"1014"	"ARGLGKGSKRGAMDY"	"-"	"hIL-34"	"Homo sapiens (human)"
"1015"	"TRGYGHLDY"	"-"	"Epithelial discoidin domain-containing receptor 1"	"Homo sapiens (human)"
"1016"	"ARQKFYTGGQGWYFDL"	"-"	"envelope glycoprotein"	"Human immunodeficiency virus 1 (human immunodeficiency virus 1 HIV-1)"
"1017"	"SRPDDYSYDGFAY"	"-"	"Alpha-mammal toxin AaH2"	"Androctonus australis (Sahara scorpion)"
"1018"	"AGDGYYPYAMDN"	"-"	"Interleukin-13"	"Homo sapiens (human)"
"1019"	"AADRFPTMEVVTIMTNEYDY"	"-"	"RNA-editing complex protein MP81"	"Trypanosoma brucei"
"1020"	"ARMPNWGSFDY"	"-"	"Interleukin-13 receptor subunit alpha-1"	"Homo sapiens (human)"
"1021"	"VRDYYGSSYFDY"	"-"	"Hypothetical protein"	"Neisseria meningitidis"
"1022"	"AKHDGHETMDY"	"-"	"Leptin receptor"	"Homo sapiens (human)"
"1023"	"AREGNYYDGGSVRYFDY"	"-"	"Adenosine receptor A2a"	"Homo sapiens (human)"
"1024"	"ARGFAY"	"-"	"Serine protease hepsin"	"Homo sapiens (human)"
"1025"	"ARQQDSGYSGPEVSYYSHYGMDV"	"-"	"hemagglutinin"	"Influenza A virus"
"1026"	"SRALALYAMDY"	"-"	"Integrin beta-1"	"Homo sapiens (human)"
"1027"	"ASEGHYGYDGYAMDY"	"-"	"Integrin alpha-M"	"Homo sapiens (human)"
"1028"	"QQYSNYPWT"	"-"	"Receptor tyrosine-protein kinase erbB-2 precursor"	"Homo sapiens (human)"
"1029"	"AGYDSGYDYVAVAGPAEYFQH"	"-"	"Ephrin type-A receptor 2"	"Homo sapiens (human)"
"1030"	"YYHYYGWHPGYGLSYS"	"-"	"Vascular endothelial growth factor A precursor"	"Homo sapiens (human)"
"1031"	"TRGNYVFDY"	"-"	"TRAAK (TWIK-related arachidonic acid-stimulated K+ channel)"	"Homo sapiens (human)"
"1032"	"ARGKNSDYNWDFQH"	"-"	"Envelope glycoprotein gp160 precursor"	"Human immunodeficiency virus 1 (human immunodeficiency virus 1 HIV-1)"
"1033"	"ARPKGYFPYAMDY"	"-"	"A/Japan/305/1957 H2"	"Influenza A virus"
"1034"	"ARQRSDYWDFDV"	"-"	"Gp160"	"Human immunodeficiency virus 1 (human immunodeficiency virus 1 HIV-1)"
"1035"	"ARDESGDDLKWHLHP"	"-"	"Gp160"	"Human immunodeficiency virus 1 (human immunodeficiency virus 1 HIV-1)"
"1036"	"TSAGR"	"-"	"Beta-secretase 2"	"Homo sapiens (human)"
"1037"	"TRCRRDSSYVVDA"	"-"	"Neutrophil gelatinase-associated lipocalin precursor (NGAL) (p25) (SV-40-induced 24P3 protein) (Lipocalin-2)"	"Mus musculus (mouse)"
"1038"	"ARRQLLDDGTGYQWAAFDV"	"-"	"Tumor necrosis factor receptor superfamily member 6"	"Homo sapiens (human)"
"1039"	"ARRGFYGRKYEVNHFDY"	"-"	"Amyloid beta A4 protein precursor (673-679)"	"Homo sapiens (human)"
"1040"	"ARSWYNRAMDY"	"-"	"Nitrite extrusion protein 1"	"Escherichia coli"
"1041"	"ARGVRRDASWWLQF"	"-"	"Envelope glycoprotein"	"Human immunodeficiency virus 1 (human immunodeficiency virus 1 HIV-1)"
"1042"	"VRRGSSCPHCGDFHFEH"	"-"	"Gp160"	"Human immunodeficiency virus 1 (human immunodeficiency virus 1 HIV-1)"
"1043"	"VKAYRNAMDY"	"-"	"Beta-secretase 2"	"Homo sapiens (human)"
"1044"	"IYNGH"	"-"	"Beta-secretase 2"	"Homo sapiens (human)"
"1045"	"ARHYDGYFLYYFEY"	"-"	"Erythrocyte binding antigen"	"Plasmodium falciparum (malaria parasite P. falciparum)"
"1046"	"AKGGYNYDDAFVI"	"-"	"Tumor necrosis factor ligand superfamily member 12"	"Homo sapiens (human)"
"1047"	"EREGGVNN"	"-"	"Complement factor D"	"Homo sapiens (human)"
"1048"	"ARRDYGTYYFDY"	"-"	"Bifunctional arginine demethylase and lysyl-hydroxylase JMJD6"	"Homo sapiens (human)"
"1049"	"AKWWAWPAFDY"	"-"	"Hepatocyte growth factor activator"	"Homo sapiens (human)"
"1050"	"AKWAWPAFDY"	"-"	"Hepatocyte growth factor activator"	"Homo sapiens (human)"
"1051"	"ARHRDYYSNSLTY"	"-"	"Receptor tyrosine-protein kinase erbB-3"	"Homo sapiens (human)"
"1052"	"AAGGHHLRDHTYGQ"	"-"	"Ribonuclease pancreatic precursor"	"Bos taurus (bovine)"
"1053"	"AAGDNYYYTRTYEYDY"	"-"	"BppL/RBP"	"Lactococcus phage TP901-1 (Bacteriophage TP901-1)"
"1054"	"AATLDWGKTLSDEYDY"	"-"	"BppL/RBP"	"Lactococcus phage TP901-1 (Bacteriophage TP901-1)"
"1055"	"TRGKYCTARDYYNWDFEH"	"-"	"Gp160"	"Human immunodeficiency virus 1 (human immunodeficiency virus 1 HIV-1)"
"1056"	"TRHDGTNFDY"	"-"	"Vascular endothelial growth factor receptor 2 precursor"	"Homo sapiens (human)"
"1057"	"ARVTDAFDI"	"-"	"Vascular endothelial growth factor receptor 2 precursor"	"Homo sapiens (human)"
"1058"	"AADGSQYRSTYSFRDKPDYGS"	"-"	"Dihydrofolate reductase"	"Escherichia coli"
"1059"	"AAPGRPHGSSWSLNKKGQGYDY"	"-"	"Dihydrofolate reductase"	"Escherichia coli"
"1060"	"NANRGLAGPAY"	"-"	"Dihydrofolate reductase"	"Escherichia coli"
"1061"	"ARGSGHVNAVKNYGYVMDY"	"-"	"Low-density lipoprotein receptor-related protein 6"	"Homo sapiens (human)"
"1062"	"AAAAGSAWYGTLYEYDY"	"-"	"Epidermal growth factor receptor precursor"	"Homo sapiens (human)"
"1063"	"AAGYQINSGNYNFKDYEYDY"	"-"	"Epidermal growth factor receptor precursor"	"Homo sapiens (human)"
"1064"	"SRNYYGSTYDY"	"-"	"Tumor necrosis factor"	"Homo sapiens (human)"
"1065"	"AAGRFVTFGSAWSFVGGGPYGIDY"	"-"	"Baseplate protein (BPP)"	"Lactococcus phage TP901-1 (Bacteriophage TP901-1)"
"1066"	"ATDCTVDPSLLYVMDY"	"-"	"Envelope glycoprotein gp160 precursor"	"Human immunodeficiency virus 1 (human immunodeficiency virus 1 HIV-1)"
"1067"	"ARDQGLNYGSLFDY"	"-"	"stromal cell-derived factor 1 isoform alpha precursor"	"Homo sapiens (human)"
"1068"	"ATDIPLRCRDIVAKGGDGFRY"	"-"	"Beta-2-microglobulin precursor"	"Homo sapiens (human)"
"1069"	"ATYRSYVTPLDY"	"-"	"Hepatocyte growth factor receptor"	"Homo sapiens (human)"
"1070"	"AADSGTQLGYVGAVGLSCLDYVMDY"	"-"	"Green fluorescent protein"	"Aequorea victoria"
"1071"	"AKDWATGLAK"	"-"	"Dihydrofolate reductase"	"Escherichia coli"
"1072"	"ARRMRSQDREWDFQH"	"-"	"Gp160"	"Human immunodeficiency virus 1 (human immunodeficiency virus 1 HIV-1)"
"1073"	"ARHVRSGYPDTAYYFDK"	"-"	"hemagglutinin"	"Influenza A virus"
"1074"	"ARGEVRQRGFDY"	"-"	"GH22929p (Dopamine transporter)"	""
"1075"	"ARDLTTLTSYNWWDL"	"-"	"Envelope glycoprotein D"	"Human herpesvirus 2"
"1076"	"AAKTGAFSYGSLWWMSRAYNH"	"-"	"Lysozyme C"	"Homo sapiens (human)"
"1077"	"QQSNSWPYT"	"-"	"Lysozyme C precursor"	"Gallus gallus (chicken)"
"1078"	"ARSRQFWYSGLDY"	"-"	"Beta-arrestin-1"	"Rattus norvegicus (Norway rat)"
"1079"	"ASDYYGSGSFAY"	"-"	"Sulfhydryl oxidase 1"	"Homo sapiens (human)"
"1080"	"NVKDFGAIIYDYDY"	"-"	"Beta-2 adrenergic receptor"	"Homo sapiens (human)"
"1081"	"VRRGSCDYCGDFPWQY"	"-"	"Gp160"	"Human immunodeficiency virus 1 (human immunodeficiency virus 1 HIV-1)"
"1082"	"AREKDHYDILTGYNYYYGLDV"	"-"	"Glucagon receptor"	"Homo sapiens (human)"
"1083"	"AQGPIVGAPTDY"	"-"	"Gastric inhibitory polypeptide receptor"	"Homo sapiens (human)"
"1084"	"VRSVTPRYCGGGFCYGEFDY"	"-"	"Genome polyprotein"	"Hepatitis C virus"
"1085"	"ARRGAFYSYGSSYYAMDF"	"-"	"Hypothetical protein precursor"	"Methanococcus maripaludis"
"1086"	"ARGLTESLELTADWFDY"	"-"	"Rhombotin-2"	"Homo sapiens (human)"
"1087"	"ARGLGIYIIRARGGYDH"	"-"	"Major prion protein precursor"	"Homo sapiens (human)"
"1088"	"AREGYYGNYGVYAMDY"	"-"	"Integrin alpha-4"	"Homo sapiens (human)"
"1089"	"SNRQLGLRGYYYAMDY"	"-"	"Putative zinc metalloprotease aq_1964"	"Aquifex aeolicus"
"1090"	"ARYVYHALDY"	"-"	"Mast/stem cell growth factor receptor Kit"	"Homo sapiens (human)"
"1091"	"ATSDYSYALDS"	"-"	"Polyprotein"	"Hepatitis C virus"
"1092"	"ARGGYDGRGFDY"	"-"	"Mesothelin"	"Homo sapiens (human)"
"1093"	"AGGTYYGTLSYKYDF"	"-"	"Rpn8-Rpn11"	""
"1094"	"ARRVGSEYDL"	"-"	"Protein Nef"	"Human immunodeficiency virus 1 (human immunodeficiency virus 1 HIV-1)"
"1095"	"TIDDGYRFGY"	"-"	"Polyprotein"	"West Nile virus"
"1096"	"VRRGYSGDYRPINNP"	"-"	"Cyclin-G-associated kinase"	"Homo sapiens (human)"
"1097"	"ATTTDCAAFVERATAIT"	"-"	"Cyclin-G-associated kinase"	"Homo sapiens (human)"
"1098"	"TKRINWALDY"	"-"	"envelope protein"	"Dengue virus"
"1099"	"ARESYYGFTSY"	"-"	"Interleukin-6"	"Homo sapiens (human)"
"1100"	"ARDLGGYFIRGIMDV"	"-"	"HA H1"	"Influenza A virus"
"1101"	"AGPSITESHYCLDCAAKDYYYGLDV"	"-"	"Hemagglutinin precursor"	"Influenza A virus"
"1102"	"QQYDTYPGT"	"-"	"Gp160"	"Human immunodeficiency virus 1 (human immunodeficiency virus 1 HIV-1)"
"1103"	"VIYRYDGQWVFDD"	"-"	"subtilisin-like serine protease"	"Plasmodium falciparum (malaria parasite P. falciparum)"
"1104"	"ARIKSVITTGDYALDY"	"-"	"Capsid protein"	""
"1105"	"VSGCYSWRGP"	"-"	"Ricin precursor"	"Ricinus communis (castor bean)"
"1106"	"NADEAGIGGFNDY"	"-"	"Ricin precursor"	"Ricinus communis (castor bean)"
"1107"	"ARSTVFAEITGLAGYQSGSYDY"	"-"	"Ricin precursor"	"Ricinus communis (castor bean)"
"1108"	"SATFGSRWPYAHSDH"	"-"	"Ricin precursor"	"Ricinus communis (castor bean)"
"1109"	"AGSSVYAEMPYADSVKATSYNY"	"-"	"Ricin precursor"	"Ricinus communis (castor bean)"
"1110"	"ARRRNWGNAFDI"	"-"	"Toxin B"	"Clostridium difficile"
"1111"	"ARDQRLYFDV"	"-"	"Macrophage colony-stimulating factor 1 receptor"	"Homo sapiens (human)"
"1112"	"AYRRIGVPRRDEFDI"	"-"	"Plasma kallikrein"	"Homo sapiens (human)"
"1113"	"ARGDYYGSNSLDY"	"-"	"ADP-ribosyl cyclase/cyclic ADP-ribose hydrolase 1"	"Homo sapiens (human)"
"1114"	"NANIEAGTYYGPGRDY"	"-"	"Stx2e toxin"	"Escherichia coli"
"1115"	"TRAIFDYAGYWYFDV"	"-"	"reticulocyte binding protein 5"	"Plasmodium falciparum (malaria parasite P. falciparum)"
"1116"	"AAGGYQLRDRTYGH"	"-"	"Ribonuclease pancreatic precursor"	"Bos taurus (bovine)"
"1117"	"AATFTPDGSWYYTRGSSYDY"	"-"	"Torsin-1A-interacting protein 1"	"Homo sapiens (human)"
"1118"	"AKDLRLGGGSDY"	"-"	"Gp160"	"Human immunodeficiency virus 1 (human immunodeficiency virus 1 HIV-1)"
"1119"	"ASTLGLVLDAMDY"	"-"	"TGF??2"	"Homo sapiens (human)"
"1120"	"ARDRYSPTGHYYGMDV"	"-"	"Alpha-hemolysin"	"Staphylococcus aureus"
"1121"	"VRGVIDKFDY"	"-"	"26S proteasome non-ATPase regulatory subunit 10"	"Homo sapiens (human)"
"1122"	"AREGTTGSGWLGKPIGAFAY"	"-"	"gp41 (109-114)"	"Human immunodeficiency virus 1 (human immunodeficiency virus 1 HIV-1)"
"1123"	"ARDGAKTVSNSGLSLLYYHNRLDA"	"-"	"Glycoprotein B precursor"	"Human herpesvirus 5 (Human cytomegalovirus)"
"1124"	"AAHPQRGWGSTLGWTY"	"-"	"Cellular tumor antigen p53"	"Homo sapiens (human)"
"1125"	"AREVYYFDY"	"-"	"Bestrophin-1"	""
"1126"	"ARGNYDRAWFAY"	"-"	"signal-regulatory protein gamma isoform 1 precursor"	"Homo sapiens (human)"
"1127"	"AAVREATYSDNRCSVRSYTYDY"	"-"	"FedF"	"Escherichia coli"
"1128"	"ATGPFVYGRGCLGQAFYSY"	"-"	"FedF"	"Escherichia coli"
"1129"	"ALSSNSVCPPGHVAWYND"	"-"	"FedF"	"Escherichia coli"
"1130"	"VREGSYYDSSYGAMDY"	"-"	"Acetylcholinesterase"	"Bungarus fasciatus (banded krait)"
"1131"	"NRGISNP"	"-"	"capsid protein"	"Norwalk virus (Norwalk calicivirus)"
"1132"	"KREDYSAYAPPSGS"	"-"	"capsid protein"	"Norwalk virus (Norwalk calicivirus)"
"1133"	"VGGYSNFYYYYTMDV"	"-"	"DENV-2 E dimer"	"Dengue virus"
"1134"	"VRPSIYYYASGYLDV"	"-"	"Neuraminidase"	"Influenza A virus"
"1135"	"TRDFSGDRSNLYFDV"	"-"	"Urokinase plasminogen activator surface receptor"	"Homo sapiens (human)"
"1136"	"ARFSNYVYPFDY"	"-"	"Roundabout homolog 1"	"Homo sapiens (human)"
"1137"	"ARHPYWYGGQLDL"	"-"	"PDGF-BB"	"Homo sapiens (human)"
"1138"	"AKYTSPPQNHGFDY"	"-"	"Lysozyme C precursor"	"Gallus gallus (chicken)"
"1139"	"NAEETIVEEADY"	"-"	"G-protein coupled receptor homolog US28"	"Human herpesvirus 5 (Human cytomegalovirus)"
"1140"	"ARGRWYRRALDY"	"-"	"Get3"	""
"1141"	"ARIYYGNNGGVMDY"	"-"	"Enterotoxin type B precursor"	"Staphylococcus aureus"
"1142"	"VRDLYGDYVGRYAY"	"-"	"Enterotoxin type B precursor"	"Staphylococcus aureus"
"1143"	"ARTAGLLAPMDY"	"-"	"Enterotoxin type B precursor"	"Staphylococcus aureus"
"1144"	"ARERFGVGNNYAWFTY"	"-"	"HEV-4 E2s"	"Paslahepevirus balayani (Hepatitis E virus HEV)"
"1145"	"AASHWGTLLIKGIEH"	"-"	"K88 fimbrial protein AC"	"Escherichia coli"
"1146"	"AATDWGTLLIKGIDH"	"-"	"K88 fimbrial protein AC"	"Escherichia coli"
"1147"	"AAQKSLNVPAPWDY"	"-"	"K88 fimbrial protein AD"	"Escherichia coli"
"1148"	"ARETGTAWFAY"	"-"	"Adiponectin receptor protein 1"	"Homo sapiens (human)"
"1149"	"VRKGPSCPHCGDFHWQH"	"-"	"Gp160"	"Human immunodeficiency virus 1 (human immunodeficiency virus 1 HIV-1)"
"1150"	"VRGRSCCGGRRHCNGADCFNWDFQH"	"-"	"envelope glycoprotein"	"Human immunodeficiency virus 1 (human immunodeficiency virus 1 HIV-1)"
"1151"	"VRGKSCCNGRRYCNGADCFNWDFEY"	"-"	"envelope glycoprotein"	"Human immunodeficiency virus 1 (human immunodeficiency virus 1 HIV-1)"
"1152"	"ARGKYCTASDYYNWDFEH"	"-"	"envelope glycoprotein"	"Human immunodeficiency virus 1 (human immunodeficiency virus 1 HIV-1)"
"1153"	"NLVADYDMGFQSF"	"-"	"Bloom syndrome protein"	"Homo sapiens (human)"
"1154"	"ARDPIAAGY"	"-"	"Interferon alpha-2"	"Homo sapiens (human)"
"1155"	"ARVSRGGSYSD"	"-"	"Erythropoietin receptor"	"Homo sapiens (human)"
"1156"	"AADLHRPYGPGSQRTDDYDT"	"-"	"Gelsolin"	"Homo sapiens (human)"
"1157"	"ARRRSDFETVDFIYHYMDV"	"-"	"hemagglutinin"	"Influenza A virus"
"1158"	"ATWDNSLNDRV"	"-"	"hemagglutinin"	"Influenza A virus"
"1159"	"ARERGRHFEPKNRDNLEGKFFDL"	"-"	"Gp160"	"Human immunodeficiency virus 1 (human immunodeficiency virus 1 HIV-1)"
"1160"	"VRVTFYHEGSGYYYRAGNYFDS"	"-"	"Gp160"	"Human immunodeficiency virus 1 (human immunodeficiency virus 1 HIV-1)"
"1161"	"ARGFAGYEWSFI"	"-"	"Gp160"	"Human immunodeficiency virus 1 (human immunodeficiency virus 1 HIV-1)"
"1162"	"ARRGFLTTVNYYAMDY"	"-"	"Peptidase 1 precursor (Major mite fecal allergen Der p 1) (Allergen Der p I)"	"Dermatophagoides pteronyssinus (European house dust mite)"
"1163"	"ARAYQRYDYYAMDY"	"-"	"Peptidase 1 precursor (Major mite fecal allergen Der p 1) (Allergen Der p I)"	"Dermatophagoides pteronyssinus (European house dust mite)"
"1164"	"ARFVFFLPYAMDY"	"-"	"VEGF dimer"	"Homo sapiens (human)"
"1165"	"ARSLDSTYIYPFAY"	"-"	"Interleukin-2"	"Mus musculus (mouse)"
"1166"	"TTVTFYYSRELRWFAY"	"-"	"Interleukin-2"	"Mus musculus (mouse)"
"1167"	"ARDGLGEVAPDYRYGIDV"	"-"	"Envelope glycoprotein gp160 precursor"	"Human immunodeficiency virus 1 (human immunodeficiency virus 1 HIV-1)"
"1168"	"ASWISDFFDY"	"-"	"Interferon alpha-2"	"Homo sapiens (human)"
"1169"	"ARAPSGYPGVSLYQYYGLDV"	"-"	"Envelope glycoprotein"	"Human immunodeficiency virus 1 (human immunodeficiency virus 1 HIV-1)"
"1170"	"ARRRPGQGYFDF"	"-"	"Interleukin-12 subunit beta"	"Homo sapiens (human)"
"1171"	"ARGWEGFAY"	"-"	"envelope protein"	"Dengue virus"
"1172"	"ARHASCSARSCYWGPVDY"	"-"	"hemagglutinin"	"Influenza A virus"
"1173"	"ARQWGGAMDY"	"-"	"EEV membrane phosphoglycoprotein"	"Vaccinia virus (vaccinia virus VV)"
"1174"	"ARGMDY"	"-"	"EEV membrane phosphoglycoprotein"	"Vaccinia virus (vaccinia virus VV)"
"1175"	"AKHKASYNGLDY"	"-"	"A33 dimer"	"Vaccinia virus (vaccinia virus VV)"
"1176"	"VKDQTIFHKNGAVDFFSYFDL"	"-"	"Envelope glycoprotein"	"Human immunodeficiency virus 1 (human immunodeficiency virus 1 HIV-1)"
"1177"	"TRDGNDYDY"	"-"	"S protein"	"Middle East respiratory syndrome-related coronavirus (MERS coronavirus)"
"1178"	"VRDGNSMDY"	"-"	"S protein"	"Middle East respiratory syndrome-related coronavirus (MERS coronavirus)"
"1179"	"AATREFCSAYVFLYEH"	"-"	"Calmodulin-domain protein kinase 1"	""
"1180"	"TTGDFSEFEPFSMDYFHF"	"-"	"Prothrombin"	"Homo sapiens (human)"
"1181"	"ARVGYCSSTSCNRGAFDI"	"-"	"Spike glycoprotein"	"Middle East respiratory syndrome-related coronavirus (MERS coronavirus)"
"1182"	"ARVALFDILTGGWFDP"	"-"	"Hemagglutinin"	"Influenza A virus"
"1183"	"AREDDGLAS"	"-"	"Coagulation factor VIII precursor"	"Homo sapiens (human)"
"1184"	"ARHGSPGYTLYAWDY"	"-"	"Epidermal growth factor receptor precursor"	"Homo sapiens (human)"
"1185"	"AASNRGSLYTLDNQNRYED"	"-"	"nuclear pore complex protein Nup98-Nup96"	"Xenopus tropicalis (tropical clawed frog)"
"1186"	"ARAGTLFAY"	"-"	"Protein jagged-1"	"Homo sapiens (human)"
"1187"	"AARVVPVFSDSTKGYVY"	"-"	"myosin A tail domain interacting protein"	"Plasmodium falciparum (malaria parasite P. falciparum)"
"1188"	"AYHRRGHFYGSGSAWDWFES"	"-"	"Hemagglutinin"	"Influenza A virus"
"1189"	"ARALLTTVTTFEY"	"-"	"Hemagglutinin"	"Influenza A virus"
"1190"	"ARRRVYYGSNYIYALDY"	"-"	"Glycoprotein polyprotein"	"Argentinian mammarenavirus (Junin arenavirus)"
"1191"	"ARPDNDGTSGYLSGFGL"	"-"	"Fabp4"	"Mus musculus (mouse)"
"1192"	"ARLRGYYDYFDF"	"-"	"Fabp4"	"Mus musculus (mouse)"
"1193"	"AADRRQRWGPYYYLSALEYVY"	"-"	"nucleoporin 54kDa"	"Xenopus laevis (African clawed frog)"
"1194"	"AARAPVGQSSSPYDYDY"	"-"	"Mu-type opioid receptor"	"Mus musculus (mouse)"
"1195"	"AREGAAVRSFYYSYYGMDV"	"-"	"Phosphatidylcholine-sterol acyltransferase"	"Homo sapiens (human)"
"1196"	"ARERGYCSSTSCSRVMDV"	"-"	"Phosphatidylcholine-sterol acyltransferase"	"Homo sapiens (human)"
"1197"	"AAVNAQGIYCTDYIIGPYGMDY"	"-"	"type VI secretion protein VasK"	"Escherichia coli"
"1198"	"AAYSDRLTDCSNCEADY"	"-"	"Adhesin binding fucosylated histo-blood group antigen"	"Helicobacter pylori"
"1199"	"NRLPNYRS"	"-"	"Adhesin binding fucosylated histo-blood group antigen"	"Helicobacter pylori"
"1200"	"ASDSMDPGSFAY"	"-"	"Sulfhydryl oxidase 1"	"Mus musculus (mouse)"
"1201"	"ARSEDWFAY"	"-"	"Sulfhydryl oxidase 1"	"Mus musculus (mouse)"
"1202"	"ARNVATEGSLLHYDY"	"-"	"Gp160"	"Human immunodeficiency virus 1 (human immunodeficiency virus 1 HIV-1)"
"1203"	"VRNVGTAGSLLHYDH"	"-"	"Gp160"	"Human immunodeficiency virus 1 (human immunodeficiency virus 1 HIV-1)"
"1204"	"ARSHLLRASWFAY"	"-"	"Interleukin-3 receptor alpha chain precursor"	"Homo sapiens (human)"
"1205"	"ARRHSDYCDFDI"	"-"	"envelope glycoprotein, partial"	"Human immunodeficiency virus 1 (human immunodeficiency virus 1 HIV-1)"
"1206"	"GRRDYYALDY"	"-"	"polyprotein"	"Zika virus"
"1207"	"AARRWLGGSYFDPGNYDF"	"-"	""	""
"1208"	"ARGSHYFGHWHFAV"	"-"	"Ig epsilon chain C region"	"Homo sapiens (human)"
"1209"	"ARDDYSTYAFAY"	"-"	"Neurogenic locus notch homolog protein 3"	"Homo sapiens (human)"
"1210"	"ANRAGWGMGDY"	"-"	"Interleukin-6"	"Homo sapiens (human)"
"1211"	"ARDPDVVTGFHYDY"	"-"	"Interleukin-6"	"Homo sapiens (human)"
"1212"	"ARSDYYDSTHYFDY"	"-"	"Pro-interleukin-16"	"Homo sapiens (human)"
"1213"	"AADHPGLCTSESGRRRYLEV"	"-"	"Urokinase-type plasminogen activator"	"Homo sapiens (human)"
"1214"	"ARGGYRAMDY"	"-"	"CD47"	"Homo sapiens (human)"
"1215"	"ASRPCFLGVPLIDFGS"	"-"	"Ricin precursor"	"Ricinus communis (castor bean)"
"1216"	"AGSSIYSDISGAATVWATSYNY"	"-"	"Ricin precursor"	"Ricinus communis (castor bean)"
"1217"	"NTASPAVGADT"	"-"	"ADP-ribosyl cyclase/cyclic ADP-ribose hydrolase 1"	"Homo sapiens (human)"
"1218"	"AARYQPRYYDSGDMDGYEYDN"	"-"	"ADP-ribosyl cyclase/cyclic ADP-ribose hydrolase 1"	"Homo sapiens (human)"
"1219"	"AAGRGIVAGRIPAEYAD"	"-"	"ADP-ribosyl cyclase/cyclic ADP-ribose hydrolase 1"	"Homo sapiens (human)"
"1220"	"AKLPFTFDD"	"-"	"tumor necrosis factor receptor superfamily member 5 isoform 1 precursor"	"Homo sapiens (human)"
"1221"	"AADTTDNGYFTI"	"-"	"Rev protein"	"Human immunodeficiency virus 1 (human immunodeficiency virus 1 HIV-1)"
"1222"	"LGGYPAASYRTA"	"-"	"Rev protein"	"Human immunodeficiency virus 1 (human immunodeficiency virus 1 HIV-1)"
"1223"	"VRDGVRFYYDSTGYYPDSFFKYGMDV"	"-"	"polyprotein"	"Zika virus"
"1224"	"NAWGQDGWLGQYDY"	"-"	"Carboxypeptidase B2"	"Homo sapiens (human)"
"1225"	"HVDPRPWGYDVTDYDY"	"-"	"Carboxypeptidase B2"	"Homo sapiens (human)"
"1226"	"ARTVWYYTSGTHYFDH"	"-"	"Gp160"	"Human immunodeficiency virus 1 (human immunodeficiency virus 1 HIV-1)"
"1227"	"ARVPRLRGGNYFDS"	"-"	"Gp160"	"Human immunodeficiency virus 1 (human immunodeficiency virus 1 HIV-1)"
"1228"	"ARRDYRFDMGFDY"	"-"	"Programmed cell death protein 1"	"Homo sapiens (human)"
"1229"	"ARYYYGSYYALDY"	"-"	"polyprotein"	"Zika virus"
"1230"	"ARLGNDMDY"	"-"	"polyprotein"	"Zika virus"
"1231"	"ARYYYDYDGMDY"	"-"	"polyprotein"	"Zika virus"
"1232"	"ARENYGSVY"	"-"	"polyprotein"	"Zika virus"
"1233"	"ARERGMHYMDV"	"-"	"Uncharacterized leukocidin-like protein 1"	"Staphylococcus aureus"
"1234"	"VRDRVTGAFDI"	"-"	"Epidermal growth factor receptor precursor"	"Homo sapiens (human)"
"1235"	"ARKEDVGYWYFDF"	"-"	"manganese ABC transporter substrate-binding protein"	"Staphylococcus aureus"
"1236"	"GRSKYFDS"	"-"	"Neuronal migration protein doublecortin"	"Homo sapiens (human)"
"1237"	"ARQDYAMNY"	"-"	"Growth/differentiation factor 8"	"Homo sapiens (human)"
"1238"	"AKQDYAMNY"	"-"	"Growth/differentiation factor 8"	"Homo sapiens (human)"
"1239"	"ARATASFYDGSYYFDY"	"-"	"Glucagon-like peptide 1 receptor"	"Homo sapiens (human)"
"1240"	"NARRNPINGPYYTTAY"	"-"	"TorsinA-LULL1"	"Homo sapiens (human)"
"1241"	"ALENYY"	"-"	"Neuronal migration protein doublecortin"	"Homo sapiens (human)"
"1242"	"AVIANPVYATSRNSDDYGH"	"-"	"Ricin precursor"	"Ricinus communis (castor bean)"
"1243"	"ARESSYFYDGSYSYYDYEGAMDY"	"-"	"Gag-Pol polyprotein"	"Human immunodeficiency virus 1 (human immunodeficiency virus 1 HIV-1)"
"1244"	"ARKFHFVSGSPFGMDV"	"-"	"Programmed cell death 1 ligand 1"	"Homo sapiens (human)"
"1245"	"ARDPRGATLYYYYYGMDV"	"-"	"Cytotoxic T-lymphocyte protein 4"	"Homo sapiens (human)"
"1246"	"ARANYGLYYAMDR"	"-"	"Disintegrin and metalloproteinase domain-containing protein 10"	"Bos taurus (bovine)"
"1247"	"ARDRSYGDSSWALDA"	"-"	"envelope glycoprotein"	"Human immunodeficiency virus 1 (human immunodeficiency virus 1 HIV-1)"
"1248"	"ARYLKYDGSTYRFDY"	"-"	"factor H binding protein"	""
"1249"	"AVGMYAAPPW"	"-"	"Furin"	"Homo sapiens (human)"
"1250"	"ARDHLGWSSIWSAPESFLDY"	"-"	"envelope protein, partial"	"Zika virus"
"1251"	"ARDRDDLSPFDY"	"-"	"ZIKV sE"	"Zika virus"
"1252"	"AREEHITFGGVIVRY"	"-"	"CA09 HA"	"Influenza A virus"
"1253"	"ARGSAMIFGIVIILES"	"-"	"Hemagglutinin"	"Influenza A virus"
"1254"	"ARDKKQGEVVLPAASFRWFAP"	"-"	"H3 HA"	"Influenza A virus"
"1255"	"VRNRVQMEVSPATQSTWYMDL"	"-"	"H3 HA"	"Influenza A virus"
"1256"	"ARDSSSSWARWFFDL"	"-"	"Interleukin-13"	"Homo sapiens (human)"
"1257"	"AARLGGWASFSPQEYDY"	"-"	"Ricin precursor"	"Ricinus communis (castor bean)"
"1258"	"AADLEYSQIMPSCRGSYGV"	"-"	"Ricin precursor"	"Ricinus communis (castor bean)"
"1259"	"ARWRGDGYYAYFDV"	"-"	"Interleukin-2"	"Homo sapiens (human)"
"1260"	"AAGRWDKYGSSFQDEYDY"	"-"	"V-set and immunoglobulin domain-containing protein 4 precursor"	"Mus musculus (mouse)"
"1261"	"TRGAFYYGYGFAY"	"-"	"membrane protein"	"Saccharolobus solfataricus"
"1262"	"ASNRANRADDYDYYFDY"	"-"	"Capsid protein VP1"	"Norwalk virus (Norwalk calicivirus)"
"1263"	"ARSDYYGDYGFAY"	"-"	"CD27 antigen"	"Homo sapiens (human)"
"1264"	"ARHRGNPFDY"	"-"	"CD27 antigen"	"Homo sapiens (human)"
"1265"	"ARQVGATWAFDI"	"-"	"Induced myeloid leukemia cell differentiation protein Mcl-1 homolog"	"Mus musculus (mouse)"
"1266"	"VRWVYGNFDSALDY"	"-"	"Ricin precursor"	"Ricinus communis (castor bean)"
"1267"	"AARPSIRCASFSATEYKD"	"-"	"IL-6/gp80"	"Homo sapiens (human)"
"1268"	"ARTGKYYDFWSGYPPGEEYFQD"	"-"	"envelope glycoprotein"	"Human immunodeficiency virus 1 (human immunodeficiency virus 1 HIV-1)"
"1269"	"ARGIYFYGTTYFDY"	"-"	"Integrin alpha-L"	"Homo sapiens (human)"
"1270"	"ARVDYGTNYDY"	"-"	"Neuraminidase"	"Influenza A virus"
"1271"	"ARTFHIRRYRSGYYDKMDH"	"-"	"Suppressor of tumorigenicity 14 protein"	"Homo sapiens (human)"
"1272"	"VKDLGIAARRFVSGAFDI"	"-"	"Suppressor of tumorigenicity 14 protein"	"Homo sapiens (human)"
"1273"	"ARSYSWSYAIDY"	"-"	"voltage-sensor containing phosphatase"	"Ciona intestinalis (sea vase)"
"1274"	"ARVAIGVSGFLNYYYYMDV"	"-"	"envelope glycoprotein (667-674)"	"Human immunodeficiency virus 1 (human immunodeficiency virus 1 HIV-1)"
"1275"	"ARGGYWYATSYYFDY"	"-"	"Beta-nerve growth factor"	"Homo sapiens (human)"
"1276"	"ARVGRFASHQLDY"	"-"	"Leukocyte surface antigen CD47"	"Homo sapiens (human)"
"1277"	"ARGGWHAMDS"	"-"	"Leukocyte surface antigen CD47"	"Homo sapiens (human)"
"1278"	"ARSLAGNAMDY"	"-"	"Leukocyte surface antigen CD47"	"Homo sapiens (human)"
"1279"	"TRTSYYFGSSYDFDV"	"-"	"Coagulation factor VIII precursor"	"Homo sapiens (human)"
"1280"	"AAAPYGANWYRDEYAY"	"-"	"toxin A"	"Clostridium difficile"
"1281"	"AVNSQRTRLQDPNEYDY"	"-"	"toxin A"	"Clostridium difficile"
"1282"	"AAGLGWDSRYSQSYNY"	"-"	"Toxin B"	"Clostridium difficile"
